ledger_entry_application_KEY,update__staff_KEY,update_date_utc,from__ledger_entry_KEY,from__ledger_entry__amount,from__ledger_entry__entry_date,from__ledger_entry__bank_account_KEY,from__ledger_entry__ledger_entry_type_KEY,from__ledger_entry__client_KEY,from__ledger_entry__approved__staff_KEY,from__ledger_entry__posted__staff_KEY,from__ledger_entry__posted_date,to__ledger_entry_KEY,to__ledger_entry__bank_account_KEY,to__ledger_entry__amount,to__ledger_entry__entry_date,to__ledger_entry__ledger_entry_type_KEY,to__ledger_entry__client_KEY,to__ledger_entry__approved__staff_KEY,to__ledger_entry__posted__staff_KEY,to__ledger_entry__posted_date,applied_date,applied_amount
1,61,02/23/2017,20,599.25,01/31/2017,,1,1,61,61,02/06/2017,915,3,-599.25,02/23/2017,4,1,61,61,02/23/2017,02/23/2017,599.25
2,61,05/10/2016,98,78,04/30/2016,,1,4,61,61,05/05/2016,995,3,-78,05/10/2016,4,4,61,61,05/10/2016,05/10/2016,78
3,61,06/06/2016,552,4599.1,05/05/2016,,1,6,61,61,05/05/2016,1066,3,-658.41,06/06/2016,4,6,61,61,06/06/2016,06/06/2016,658.41
4,61,06/20/2016,552,4599.1,05/05/2016,,1,6,61,61,05/05/2016,1067,3,-2459.24,06/20/2016,4,6,61,61,06/20/2016,06/20/2016,2459.24
5,61,06/27/2016,552,4599.1,05/05/2016,,1,6,61,61,05/05/2016,1068,3,-823.03,06/27/2016,4,6,61,61,06/27/2016,06/27/2016,823.03
6,61,06/27/2016,552,4599.1,05/05/2016,,1,6,61,61,05/05/2016,1069,3,-658.42,06/27/2016,4,6,61,61,06/27/2016,06/27/2016,658.42
7,61,04/10/2014,6,220,03/31/2014,,1,1,61,61,04/05/2014,899,3,-220,04/10/2014,4,1,61,61,04/10/2014,04/10/2014,220
8,61,04/17/2015,64,677.11,03/30/2015,,1,2,61,61,04/01/2015,965,3,-677.11,04/17/2015,4,2,61,61,04/17/2015,04/17/2015,677.11
9,61,05/04/2016,410,4.14,04/20/2016,,2,8,61,61,04/20/2016,697,3,-288.78,05/04/2016,4,8,61,61,05/04/2016,05/04/2016,4.14
10,61,10/17/2014,8,247.25,09/30/2014,,1,1,61,61,10/08/2014,902,3,-247.25,10/17/2014,4,1,61,61,10/17/2014,10/17/2014,247.25
11,61,05/04/2016,408,0.5,02/20/2016,,2,8,61,61,02/22/2016,697,3,-288.78,05/04/2016,4,8,61,61,05/04/2016,05/04/2016,0.5
12,61,05/10/2016,16,1271,04/30/2016,,1,1,61,61,05/04/2016,911,3,-1271,05/10/2016,4,1,61,61,05/10/2016,05/10/2016,1271
13,61,05/16/2016,65,788.9,04/29/2016,,1,2,61,61,05/04/2016,966,3,-788.9,05/16/2016,4,2,61,61,05/16/2016,05/16/2016,788.9
14,61,05/19/2014,63,681.25,04/30/2014,,1,2,61,61,05/08/2014,964,3,-681.25,05/19/2014,4,2,61,61,05/19/2014,05/19/2014,681.25
15,61,12/28/2018,31,206,11/30/2018,,1,1,61,61,12/07/2018,926,3,-206,12/28/2018,4,1,61,61,12/28/2018,12/28/2018,206
16,61,02/27/2015,10,155.25,01/31/2015,,1,1,61,61,02/06/2015,905,3,-155.25,02/27/2015,4,1,61,61,02/27/2015,02/27/2015,155.25
17,61,03/27/2014,360,9.62,11/30/2013,,2,3,61,61,12/05/2013,688,3,-734.33,03/27/2014,4,3,61,61,03/27/2014,03/27/2014,9.62
18,61,05/04/2016,409,4.14,03/21/2016,,2,8,61,61,03/21/2016,697,3,-288.78,05/04/2016,4,8,61,61,05/04/2016,05/04/2016,4.14
19,61,06/03/2014,160,1155,04/30/2014,,1,7,61,61,05/08/2014,1093,3,-1155,06/03/2014,4,7,61,61,06/03/2014,06/03/2014,1155
20,61,08/18/2014,87,172.5,07/31/2014,,1,4,61,61,08/11/2014,984,3,-172.5,08/18/2014,4,4,61,61,08/18/2014,08/18/2014,172.5
21,61,05/19/2015,11,201.25,04/30/2015,,1,1,61,61,05/07/2015,906,3,-201.25,05/19/2015,4,1,61,61,05/19/2015,05/19/2015,201.25
22,61,03/27/2014,363,6.41,02/20/2014,,2,3,61,61,02/21/2014,688,3,-734.33,03/27/2014,4,3,61,61,03/27/2014,03/27/2014,6.41
23,61,11/14/2014,547,476,10/31/2014,,1,1,61,61,11/07/2014,903,3,-115,11/14/2014,4,1,61,61,11/14/2014,11/14/2014,115
24,61,03/16/2017,101,841,02/28/2017,,1,4,61,61,03/08/2017,998,3,-841,03/16/2017,4,4,61,61,03/16/2017,03/16/2017,841
25,61,06/25/2014,144,1140,04/30/2014,,1,5,61,61,05/08/2014,1050,3,-1140,06/25/2014,4,5,61,61,06/25/2014,06/25/2014,1140
26,61,12/28/2018,115,100,11/30/2018,,1,4,61,61,12/07/2018,1012,3,-100,12/28/2018,4,4,61,61,12/28/2018,12/28/2018,100
27,61,02/27/2015,91,270,01/31/2015,,1,4,61,61,02/06/2015,988,3,-270,02/27/2015,4,4,61,61,02/27/2015,02/27/2015,270
28,61,12/14/2017,104,205,11/30/2017,,1,4,61,61,12/08/2017,1001,3,-205,12/14/2017,4,4,61,61,12/14/2017,12/14/2017,205
29,61,07/23/2015,154,3664.59,04/27/2015,,1,6,61,61,05/07/2015,1065,3,-3664.59,07/23/2015,4,6,61,61,07/23/2015,07/23/2015,3664.59
30,61,07/21/2016,17,1695,05/31/2016,,1,1,61,61,06/06/2016,912,3,-1695,07/21/2016,4,1,61,61,07/21/2016,07/21/2016,1695
31,61,08/14/2018,111,165,07/31/2018,,1,4,61,61,08/08/2018,1008,3,-165,08/14/2018,4,4,61,61,08/14/2018,08/14/2018,165
32,61,11/14/2014,89,103.5,10/31/2014,,1,4,61,61,11/07/2014,986,3,-103.5,11/14/2014,4,4,61,61,11/14/2014,11/14/2014,103.5
33,61,04/13/2020,125,105,03/31/2020,,1,4,61,61,04/09/2020,1020,3,-105,04/13/2020,4,4,61,61,04/13/2020,04/13/2020,105
34,61,06/27/2016,146,943,04/29/2016,,1,5,61,61,05/04/2016,1052,3,-943,06/27/2016,4,5,61,61,06/27/2016,06/27/2016,943
35,61,07/24/2014,551,3554.75,04/30/2014,,1,6,61,61,05/08/2014,1060,3,-250,07/24/2014,4,6,61,61,07/24/2014,07/24/2014,250
36,61,03/27/2014,359,9.94,10/31/2013,,2,3,61,61,11/04/2013,688,3,-734.33,03/27/2014,4,3,61,61,03/27/2014,03/27/2014,9.94
37,61,04/02/2015,551,3554.75,04/30/2014,,1,6,61,61,05/08/2014,693,3,-2621.61,04/02/2015,4,6,61,61,04/02/2015,04/02/2015,2254.75
38,61,04/02/2015,391,49.01,08/20/2014,,2,6,61,61,08/26/2014,693,3,-2621.61,04/02/2015,4,6,61,61,04/02/2015,04/02/2015,49.01
39,61,09/29/2014,551,3554.75,04/30/2014,,1,6,61,61,05/08/2014,1061,3,-250,09/29/2014,4,6,61,61,09/29/2014,09/29/2014,250
40,61,10/31/2014,551,3554.75,04/30/2014,,1,6,61,61,05/08/2014,1062,3,-200,10/31/2014,4,6,61,61,10/31/2014,10/31/2014,200
41,61,12/01/2014,551,3554.75,04/30/2014,,1,6,61,61,05/08/2014,1063,3,-300,12/01/2014,4,6,61,61,12/01/2014,12/01/2014,300
42,61,12/17/2014,9,402.5,11/28/2014,,1,1,61,61,12/04/2014,904,3,-402.5,12/17/2014,4,1,61,61,12/17/2014,12/17/2014,402.5
43,61,12/18/2014,551,3554.75,04/30/2014,,1,6,61,61,05/08/2014,1064,3,-300,12/18/2014,4,6,61,61,12/18/2014,12/18/2014,300
44,61,07/15/2015,12,1164.5,06/30/2015,,1,1,61,61,07/09/2015,907,3,-1164.5,07/15/2015,4,1,61,61,07/15/2015,07/15/2015,1164.5
45,61,02/23/2017,100,625.5,01/31/2017,,1,4,61,61,02/06/2017,997,3,-625.5,02/23/2017,4,4,61,61,02/23/2017,02/23/2017,625.5
46,61,04/06/2018,23,999.86,03/31/2018,,1,1,61,61,04/05/2018,918,3,-999.86,04/06/2018,4,1,61,61,04/06/2018,04/06/2018,999.86
47,61,03/27/2014,356,9.94,07/31/2013,,2,3,61,61,08/08/2013,688,3,-734.33,03/27/2014,4,3,61,61,03/27/2014,03/27/2014,9.94
48,61,03/27/2014,358,9.62,09/30/2013,,2,3,61,61,09/30/2013,688,3,-734.33,03/27/2014,4,3,61,61,03/27/2014,03/27/2014,9.62
49,61,03/27/2014,361,9.94,12/31/2013,,2,3,61,61,01/02/2014,688,3,-734.33,03/27/2014,4,3,61,61,03/27/2014,03/27/2014,9.94
50,61,03/27/2014,364,8.98,03/20/2014,,2,3,61,61,03/20/2014,688,3,-734.33,03/27/2014,4,3,61,61,03/27/2014,03/27/2014,8.98
51,61,09/27/2016,19,108,08/31/2016,,1,1,61,61,09/12/2016,914,3,-108,09/27/2016,4,1,61,61,09/27/2016,09/27/2016,108
52,61,12/14/2017,22,951,11/30/2017,,1,1,61,61,12/08/2017,917,3,-951,12/14/2017,4,1,61,61,12/14/2017,12/14/2017,951
53,61,08/06/2015,162,1687.5,04/27/2015,,1,7,61,61,05/07/2015,1095,3,-1687.5,08/06/2015,4,7,61,61,08/06/2015,08/06/2015,1687.5
54,61,12/01/2015,94,241.5,10/31/2015,,1,4,61,61,11/06/2015,991,3,-241.5,12/01/2015,4,4,61,61,12/01/2015,12/01/2015,241.5
55,61,01/25/2016,14,166.75,12/31/2015,,1,1,61,61,01/13/2016,909,3,-166.75,01/25/2016,4,1,61,61,01/25/2016,01/25/2016,166.75
56,61,03/17/2015,92,819.75,02/28/2015,,1,4,61,61,03/09/2015,989,3,-819.75,03/17/2015,4,4,61,61,03/17/2015,03/17/2015,819.75
57,61,04/02/2015,389,1.75,06/20/2014,,2,6,61,61,06/23/2014,693,3,-2621.61,04/02/2015,4,6,61,61,04/02/2015,04/02/2015,1.75
58,61,08/18/2016,99,258,07/31/2016,,1,4,61,61,08/08/2016,996,3,-258,08/18/2016,4,4,61,61,08/18/2016,08/18/2016,258
59,61,06/06/2016,163,1241,04/29/2016,,1,7,61,61,05/04/2016,1096,3,-1241,06/06/2016,4,7,61,61,06/06/2016,06/06/2016,1241
60,61,04/06/2018,107,60,03/30/2018,,1,4,61,61,04/05/2018,1004,3,-60,04/06/2018,4,4,61,61,04/06/2018,04/06/2018,60
61,61,03/27/2014,74,650,06/30/2013,,1,3,61,61,07/15/2013,688,3,-734.33,03/27/2014,4,3,61,61,03/27/2014,03/27/2014,650
62,61,08/14/2018,27,255,07/31/2018,,1,1,61,61,08/08/2018,922,3,-255,08/14/2018,4,1,61,61,08/14/2018,08/14/2018,255
63,61,12/17/2014,90,57.5,11/28/2014,,1,4,61,61,12/04/2014,987,3,-57.5,12/17/2014,4,4,61,61,12/17/2014,12/17/2014,57.5
64,61,08/18/2016,18,318,07/31/2016,,1,1,61,61,08/08/2016,913,3,-318,08/18/2016,4,1,61,61,08/18/2016,08/18/2016,318
65,61,03/14/2016,97,813,02/29/2016,,1,4,61,61,03/08/2016,994,3,-813,03/14/2016,4,4,61,61,03/14/2016,03/14/2016,813
66,61,03/27/2014,357,9.94,08/31/2013,,2,3,61,61,09/06/2013,688,3,-734.33,03/27/2014,4,3,61,61,03/27/2014,03/27/2014,9.94
67,61,04/10/2014,85,1000.5,03/31/2014,,1,4,61,61,04/05/2014,982,3,-1000.5,04/10/2014,4,4,61,61,04/10/2014,04/10/2014,1000.5
68,61,10/17/2014,88,120.75,09/30/2014,,1,4,61,61,10/08/2014,985,3,-120.75,10/17/2014,4,4,61,61,10/17/2014,10/17/2014,120.75
69,61,07/23/2015,145,1175.23,04/27/2015,,1,5,61,61,05/07/2015,1051,3,-1175.23,07/23/2015,4,5,61,61,07/23/2015,07/23/2015,1175.23
70,61,04/02/2015,390,54.34,07/21/2014,,2,6,61,61,07/21/2014,693,3,-2621.61,04/02/2015,4,6,61,61,04/02/2015,04/02/2015,54.34
71,61,04/02/2015,569,54.16,09/20/2014,,2,6,61,61,09/23/2014,693,3,-2621.61,04/02/2015,4,6,61,61,04/02/2015,04/02/2015,23.76
72,61,05/19/2015,93,80.5,04/27/2015,,1,4,61,61,05/07/2015,990,3,-80.5,05/19/2015,4,4,61,61,05/19/2015,05/19/2015,80.5
73,61,12/01/2015,13,402.5,10/31/2015,,1,1,61,61,11/06/2015,908,3,-402.5,12/01/2015,4,1,61,61,12/01/2015,12/01/2015,402.5
74,61,01/25/2016,95,120.75,12/31/2015,,1,4,61,61,01/13/2016,992,3,-120.75,01/25/2016,4,4,61,61,01/25/2016,01/25/2016,120.75
75,61,04/02/2015,153,238,06/30/2014,,1,6,61,47,07/08/2014,693,3,-2621.61,04/02/2015,4,6,61,61,04/02/2015,04/02/2015,238
76,61,07/18/2018,26,50,06/30/2018,,1,1,61,102,07/05/2018,921,3,-50,07/18/2018,4,1,61,61,07/18/2018,07/18/2018,50
77,61,12/13/2018,189,407,11/30/2018,,1,8,70,61,12/07/2018,1125,3,-407,12/13/2018,4,8,61,61,12/13/2018,12/13/2018,407
78,61,05/02/2019,69,880,04/17/2019,,1,2,76,61,04/17/2019,970,3,-880,05/02/2019,4,2,61,61,05/02/2019,05/02/2019,880
79,61,08/20/2018,214,319.5,07/31/2018,,1,14,73,61,08/08/2018,1150,3,-319.5,08/20/2018,4,14,61,61,08/20/2018,08/20/2018,319.5
80,61,05/19/2016,171,1200,04/30/2016,,1,11,70,61,05/04/2016,1107,3,-1200,05/19/2016,4,11,61,61,05/19/2016,05/19/2016,1200
81,61,04/29/2019,190,650,03/31/2019,,1,8,70,61,04/17/2019,1126,3,-650,04/29/2019,4,8,61,61,04/29/2019,04/29/2019,650
82,61,06/24/2014,546,2602.75,05/31/2014,,1,1,47,61,06/06/2014,900,3,-2515.75,06/24/2014,4,1,61,61,06/24/2014,06/24/2014,2515.75
83,61,05/04/2016,183,280,12/31/2015,,1,8,70,61,01/13/2016,697,3,-288.78,05/04/2016,4,8,61,61,05/04/2016,05/04/2016,280
84,61,05/19/2016,184,875,04/30/2016,,1,8,70,61,05/04/2016,1120,3,-875,05/19/2016,4,8,61,61,05/19/2016,05/19/2016,875
85,61,04/16/2018,210,1557.75,03/31/2018,,1,14,73,61,04/06/2018,1146,3,-1557.75,04/16/2018,4,14,61,61,04/16/2018,04/16/2018,1557.75
86,61,05/04/2020,301,1250,03/31/2020,,1,17,73,61,04/11/2020,1161,3,-1250,05/04/2020,4,17,61,61,05/04/2020,05/04/2020,1250
87,61,05/06/2019,166,1152.5,04/17/2019,,1,7,76,61,04/17/2019,1099,3,-1152.5,05/06/2019,4,7,61,61,05/06/2019,05/06/2019,1152.5
88,61,02/01/2016,170,520,12/31/2015,,1,11,70,61,01/13/2016,1106,3,-520,02/01/2016,4,11,61,61,02/01/2016,02/01/2016,520
89,61,02/20/2017,173,101.25,01/31/2017,,1,11,70,61,02/04/2017,1109,3,-101.25,02/20/2017,4,11,61,61,02/20/2017,02/20/2017,101.25
90,61,06/24/2014,86,80,05/31/2014,,1,4,47,61,06/06/2014,983,3,-80,06/24/2014,4,4,61,61,06/24/2014,06/24/2014,80
91,61,03/27/2014,362,9.94,01/31/2014,,2,3,61,61,02/10/2014,688,3,-734.33,03/27/2014,4,3,61,61,03/27/2014,03/27/2014,9.94
92,61,06/03/2019,156,4932.25,04/17/2019,,1,6,76,61,04/17/2019,1079,3,-4932.25,06/03/2019,4,6,61,61,06/03/2019,06/03/2019,4932.25
93,61,04/27/2020,298,1500,03/31/2020,,1,16,73,61,04/11/2020,1160,3,-1500,04/27/2020,4,16,61,61,04/27/2020,04/27/2020,1500
94,61,05/06/2019,149,1102.5,04/17/2019,,1,5,76,61,04/17/2019,1055,3,-1102.5,05/06/2019,4,5,61,61,05/06/2019,05/06/2019,1102.5
95,61,07/10/2017,553,4107.75,05/31/2017,,1,6,102,102,06/07/2017,1070,3,-2130.62,07/10/2017,4,6,61,61,07/10/2017,07/10/2017,2130.62
96,61,07/10/2017,553,4107.75,05/31/2017,,1,6,102,102,06/07/2017,1071,3,-608.34,07/10/2017,4,6,61,61,07/10/2017,07/10/2017,608.34
97,61,07/10/2017,553,4107.75,05/31/2017,,1,6,102,102,06/07/2017,1072,3,-760.44,07/10/2017,4,6,61,61,07/10/2017,07/10/2017,760.44
98,61,04/05/2018,165,900,03/01/2018,,1,7,102,102,03/02/2018,1098,3,-900,04/05/2018,4,7,61,61,04/05/2018,04/05/2018,900
99,61,01/22/2019,549,360,01/15/2019,,1,4,102,102,01/16/2019,1013,3,-280,01/22/2019,4,4,61,61,01/22/2019,01/22/2019,280
100,61,11/26/2018,217,215.5,10/31/2018,,1,14,102,102,11/12/2018,1153,3,-215.5,11/26/2018,4,14,61,61,11/26/2018,11/26/2018,215.5
101,61,05/07/2018,188,650,04/30/2018,,1,8,70,102,05/03/2018,1124,3,-650,05/07/2018,4,8,61,61,05/07/2018,05/07/2018,650
102,61,05/22/2017,186,950,04/30/2017,,1,8,70,102,05/08/2017,1122,3,-950,05/22/2017,4,8,61,61,05/22/2017,05/22/2017,950
103,61,07/10/2017,147,1042.2,04/30/2017,,1,5,102,102,05/08/2017,1053,3,-1042.2,07/10/2017,4,5,61,61,07/10/2017,07/10/2017,1042.2
104,61,04/05/2018,554,5321.5,03/24/2018,,1,6,102,102,04/01/2018,1074,3,-833.88,04/05/2018,4,6,61,61,04/05/2018,04/05/2018,833.88
105,61,04/05/2018,554,5321.5,03/24/2018,,1,6,102,102,04/01/2018,1075,3,-667.09,04/05/2018,4,6,61,61,04/05/2018,04/05/2018,667.09
106,61,04/05/2018,554,5321.5,03/24/2018,,1,6,102,102,04/01/2018,1076,3,-667.1,04/05/2018,4,6,61,61,04/05/2018,04/05/2018,667.1
107,61,04/16/2018,554,5321.5,03/24/2018,,1,6,102,102,04/01/2018,1077,3,-2178.43,04/16/2018,4,6,61,61,04/16/2018,04/16/2018,2178.43
108,61,05/09/2019,35,1875,04/30/2019,,1,1,102,102,05/08/2019,928,3,-1875,05/09/2019,4,1,61,61,05/09/2019,05/09/2019,1875
109,61,05/14/2018,211,294.5,04/30/2018,,1,14,73,102,05/03/2018,1147,3,-294.5,05/14/2018,4,14,61,61,05/14/2018,05/14/2018,294.5
110,61,06/12/2018,25,255,05/31/2018,,1,1,102,102,06/07/2018,920,3,-255,06/12/2018,4,1,61,61,06/12/2018,06/12/2018,255
111,61,11/20/2019,120,260,10/31/2019,,1,4,102,102,11/12/2019,1017,3,-260,11/20/2019,4,4,61,61,11/20/2019,11/20/2019,260
112,61,03/07/2018,106,1287.5,02/28/2018,,1,4,102,102,03/05/2018,1003,3,-1287.5,03/07/2018,4,4,61,61,03/07/2018,03/07/2018,1287.5
113,61,02/04/2019,155,951.25,11/08/2018,,1,6,102,102,11/09/2018,1078,3,-951.25,02/04/2019,4,6,61,61,02/04/2019,02/04/2019,951.25
114,61,05/23/2019,337,7500,04/30/2019,,1,23,72,102,05/09/2019,894,3,-7500,05/23/2019,4,23,61,61,05/23/2019,05/23/2019,7500
115,61,09/24/2018,215,1219.2,08/31/2018,,1,14,73,102,09/08/2018,1151,3,-1219.2,09/24/2018,4,14,61,61,09/24/2018,09/24/2018,1219.2
116,61,06/14/2018,293,243.75,04/30/2018,,1,12,102,102,05/04/2018,698,3,-975,06/14/2018,4,12,61,61,06/14/2018,06/14/2018,243.75
117,61,09/18/2017,203,1325,08/30/2017,,1,14,73,102,09/06/2017,1139,3,-1325,09/18/2017,4,14,61,61,09/18/2017,09/18/2017,1325
118,61,05/22/2017,174,1275,04/30/2017,,1,11,70,102,05/08/2017,1110,3,-1275,05/22/2017,4,11,61,61,05/22/2017,05/22/2017,1275
119,61,01/22/2019,218,151,12/31/2018,,1,14,102,102,01/08/2019,1154,3,-151,01/22/2019,4,14,61,61,01/22/2019,01/22/2019,151
120,61,09/14/2018,112,25,08/31/2018,,1,4,102,102,09/10/2018,1009,3,-25,09/14/2018,4,4,61,61,09/14/2018,09/14/2018,25
121,61,10/17/2017,204,1875,09/30/2017,,1,14,73,102,10/04/2017,1140,3,-1875,10/17/2017,4,14,61,61,10/17/2017,10/17/2017,1875
122,61,01/23/2017,172,520,12/31/2016,,1,11,70,102,01/09/2017,1108,3,-520,01/23/2017,4,11,61,61,01/23/2017,01/23/2017,520
123,61,01/22/2018,187,350,12/29/2017,,1,8,70,102,01/08/2018,1123,3,-350,01/22/2018,4,8,61,61,01/22/2018,01/22/2018,350
124,61,11/09/2018,30,115,10/31/2018,,1,1,102,102,11/05/2018,925,3,-115,11/09/2018,4,1,61,61,11/09/2018,11/09/2018,115
125,61,12/04/2017,67,402.5,10/25/2017,,1,2,102,102,11/07/2017,968,3,-402.5,12/04/2017,4,2,61,61,12/04/2017,12/04/2017,402.5
126,61,04/27/2020,555,5082.5,03/07/2020,,1,6,76,102,03/09/2020,695,3,-4109.63,04/27/2020,4,6,61,61,04/27/2020,04/27/2020,2656.38
127,61,05/04/2020,555,5082.5,03/07/2020,,1,6,76,102,03/09/2020,1081,3,-933.13,05/04/2020,4,6,61,61,05/04/2020,05/04/2020,933.13
128,61,05/04/2020,555,5082.5,03/07/2020,,1,6,76,102,03/09/2020,1082,3,-746.49,05/04/2020,4,6,61,61,05/04/2020,05/04/2020,746.49
129,61,02/18/2019,117,1222.5,02/07/2019,,1,4,102,102,02/08/2019,1014,3,-1222.5,02/18/2019,4,4,61,61,02/18/2019,02/18/2019,1222.5
130,61,11/09/2018,114,135,10/31/2018,,1,4,102,102,11/05/2018,1011,3,-135,11/09/2018,4,4,61,61,11/09/2018,11/09/2018,135
131,61,06/18/2018,212,668.5,06/06/2018,,1,14,73,102,06/07/2018,1148,3,-668.5,06/18/2018,4,14,61,61,06/18/2018,06/18/2018,668.5
132,61,07/02/2018,68,832.5,03/24/2018,,1,2,102,102,04/01/2018,969,3,-832.5,07/02/2018,4,2,61,61,07/02/2018,07/02/2018,832.5
133,61,07/05/2018,110,130,06/30/2018,,1,4,102,102,07/03/2018,1007,3,-130,07/05/2018,4,4,61,61,07/05/2018,07/05/2018,130
134,61,07/17/2018,213,156.5,06/30/2018,,1,14,73,102,07/05/2018,1149,3,-156.5,07/17/2018,4,14,61,61,07/17/2018,07/17/2018,156.5
135,61,09/12/2019,119,315,09/09/2019,,1,4,102,102,09/10/2019,1016,3,-315,09/12/2019,4,4,61,61,09/12/2019,09/12/2019,315
136,61,03/17/2020,124,1075,02/28/2020,,1,4,102,102,03/09/2020,690,3,-1490.75,03/17/2020,4,4,61,61,03/17/2020,03/17/2020,1075
137,61,05/30/2017,164,885.95,04/30/2017,,1,7,102,102,05/08/2017,1097,3,-885.95,05/30/2017,4,7,61,61,05/30/2017,05/30/2017,885.95
138,61,04/05/2018,148,1060,03/01/2018,,1,5,102,102,03/02/2018,1054,3,-1060,04/05/2018,4,5,61,61,04/05/2018,04/05/2018,1060
139,61,11/20/2019,37,315,10/31/2019,,1,1,102,102,11/12/2019,930,3,-315,11/20/2019,4,1,61,61,11/20/2019,11/20/2019,315
140,61,11/15/2017,103,452.25,10/19/2017,,1,4,102,102,11/07/2017,1000,3,-452.25,11/15/2017,4,4,61,61,11/15/2017,11/15/2017,452.25
141,61,05/09/2019,118,530,05/07/2019,,1,4,102,102,05/08/2019,1015,3,-530,05/09/2019,4,4,61,61,05/09/2019,05/09/2019,530
142,61,01/11/2018,105,259.86,12/28/2017,,1,4,102,102,01/05/2018,1002,3,-259.86,01/11/2018,4,4,61,61,01/11/2018,01/11/2018,259.86
143,61,03/17/2020,123,415.75,01/31/2020,,1,4,102,102,02/10/2020,690,3,-1490.75,03/17/2020,4,4,61,61,03/17/2020,03/17/2020,415.75
144,61,03/30/2020,70,1275,03/07/2020,,1,2,76,102,03/09/2020,971,3,-1275,03/30/2020,4,2,61,61,03/30/2020,03/30/2020,1275
145,61,05/04/2020,150,1171.63,03/07/2020,,1,5,76,102,03/09/2020,1056,3,-1171.63,05/04/2020,4,5,61,61,05/04/2020,05/04/2020,1171.63
146,61,07/23/2020,126,315,06/30/2020,,1,4,102,102,07/20/2020,1021,3,-315,07/23/2020,4,4,61,61,07/23/2020,07/23/2020,315
147,61,12/10/2019,38,175,11/30/2019,,1,1,102,102,12/05/2019,931,3,-175,12/10/2019,4,1,61,61,12/10/2019,12/10/2019,175
148,61,09/08/2017,553,4107.75,05/31/2017,,1,6,102,102,06/07/2017,1073,3,-608.35,09/08/2017,4,6,61,61,09/08/2017,09/08/2017,608.35
149,61,03/19/2020,305,1400,03/07/2020,,1,18,76,102,03/09/2020,1162,3,-1400,03/19/2020,4,18,61,61,03/19/2020,03/19/2020,1400
150,61,05/30/2017,66,806.5,04/30/2017,,1,2,102,102,05/08/2017,967,3,-806.5,05/30/2017,4,2,61,61,05/30/2017,05/30/2017,806.5
151,61,07/06/2017,102,209.25,05/31/2017,,1,4,102,102,06/07/2017,999,3,-209.25,07/06/2017,4,4,61,61,07/06/2017,07/06/2017,209.25
152,61,10/22/2018,216,353.5,09/30/2018,,1,14,58,102,10/08/2018,1152,3,-353.5,10/22/2018,4,14,61,61,10/22/2018,10/22/2018,353.5
153,61,03/19/2018,209,755.69,02/28/2018,,1,14,73,102,03/05/2018,1145,3,-755.69,03/19/2018,4,14,61,61,03/19/2018,03/19/2018,755.69
154,61,03/26/2018,175,1300,02/28/2018,,1,11,70,102,03/05/2018,1111,3,-1300,03/26/2018,4,11,61,61,03/26/2018,03/26/2018,1300
155,61,09/14/2018,28,45,08/31/2018,,1,1,102,102,09/10/2018,923,3,-45,09/14/2018,4,1,61,61,09/14/2018,09/14/2018,45
156,61,09/12/2019,36,572.5,09/09/2019,,1,1,102,102,09/10/2019,929,3,-572.5,09/12/2019,4,1,61,61,09/12/2019,09/12/2019,572.5
157,61,03/19/2020,309,1400,03/07/2020,,1,19,76,102,03/09/2020,1167,3,-1400,03/19/2020,4,19,61,61,03/19/2020,03/19/2020,1400
158,61,05/12/2020,40,1920,04/30/2020,,1,1,102,102,05/09/2020,933,3,-1920,05/12/2020,4,1,61,61,05/12/2020,05/12/2020,1920
159,61,07/13/2020,192,700,05/31/2020,,1,8,70,102,06/11/2020,1128,3,-700,07/13/2020,4,8,61,61,07/13/2020,07/13/2020,700
160,61,05/04/2020,167,1094.95,03/07/2020,,1,7,76,102,03/09/2020,1100,3,-1094.95,05/04/2020,4,7,61,61,05/04/2020,05/04/2020,1094.95
161,61,01/22/2019,33,120,01/15/2019,,1,1,102,102,01/16/2019,682,3,-200,01/22/2019,4,1,61,61,01/22/2019,01/22/2019,120
162,61,02/18/2019,34,305,01/31/2019,,1,1,102,102,02/08/2019,927,3,-305,02/18/2019,4,1,61,61,02/18/2019,02/18/2019,305
163,61,10/19/2018,113,240,09/30/2018,,1,4,102,102,10/09/2018,1010,3,-240,10/19/2018,4,4,61,61,10/19/2018,10/19/2018,240
164,61,10/19/2018,29,1703.75,09/30/2018,,1,1,102,102,10/09/2018,924,3,-1703.75,10/19/2018,4,1,61,61,10/19/2018,10/19/2018,1703.75
165,61,06/12/2018,109,235,05/31/2018,,1,4,102,102,06/07/2018,1006,3,-235,06/12/2018,4,4,61,61,06/12/2018,06/12/2018,235
166,61,12/10/2019,121,140,11/30/2019,,1,4,102,102,12/05/2019,1018,3,-140,12/10/2019,4,4,61,61,12/10/2019,12/10/2019,140
167,61,12/18/2017,206,758.25,11/30/2017,,1,14,73,102,12/11/2017,1142,3,-758.25,12/18/2017,4,14,61,61,12/18/2017,12/18/2017,758.25
168,61,04/27/2020,157,1453.25,01/08/2020,,1,6,102,102,01/17/2020,695,3,-4109.63,04/27/2020,4,6,61,61,04/27/2020,04/27/2020,1453.25
169,61,08/31/2020,313,200,03/23/2020,,1,24,76,102,04/03/2020,1172,3,-200,08/31/2020,4,24,61,61,08/31/2020,08/31/2020,200
170,61,06/01/2020,191,340,12/31/2019,,1,8,70,102,01/09/2020,1127,3,-340,06/01/2020,4,8,61,61,06/01/2020,06/01/2020,340
171,61,01/23/2017,185,280,12/31/2016,,1,8,70,102,01/09/2017,1121,3,-280,01/23/2017,4,8,61,61,01/23/2017,01/23/2017,280
172,61,03/14/2019,176,1347.5,02/28/2019,,1,11,70,102,03/09/2019,1112,3,-1347.5,03/14/2019,4,11,61,61,03/14/2019,03/14/2019,1347.5
173,61,05/09/2018,24,465,04/30/2018,,1,1,102,102,05/04/2018,919,3,-465,05/09/2018,4,1,61,61,05/09/2018,05/09/2018,465
174,61,05/09/2018,108,60,04/30/2018,,1,4,102,102,05/04/2018,1005,3,-60,05/09/2018,4,4,61,61,05/09/2018,05/09/2018,60
175,61,07/06/2017,21,2306.75,05/31/2017,,1,1,102,102,06/07/2017,916,3,-2306.75,07/06/2017,4,1,61,61,07/06/2017,07/06/2017,2306.75
176,61,02/12/2018,208,1621.2,01/31/2018,,1,14,73,102,02/05/2018,1144,3,-1621.2,02/12/2018,4,14,61,61,02/12/2018,02/12/2018,1621.2
177,61,01/09/2019,116,135,12/31/2018,,1,4,102,102,01/07/2019,689,3,-215,01/09/2019,4,4,61,61,01/09/2019,01/09/2019,135
178,61,01/22/2019,32,80,12/31/2018,,1,1,102,102,01/07/2019,682,3,-200,01/22/2019,4,1,61,61,01/22/2019,01/22/2019,80
179,61,01/15/2018,207,302.25,12/31/2017,,1,14,73,102,01/08/2018,1143,3,-302.25,01/15/2018,4,14,61,61,01/15/2018,01/15/2018,302.25
180,61,07/23/2020,41,385,06/30/2020,,1,1,102,102,07/20/2020,934,3,-385,07/23/2020,4,1,61,61,07/23/2020,07/23/2020,385
181,102,01/16/2019,549,360,01/15/2019,,1,4,102,102,01/16/2019,689,3,-215,01/09/2019,4,4,61,61,01/09/2019,01/15/2019,80
182,102,03/09/2020,567,950,03/07/2020,,1,12,76,102,03/09/2020,698,3,-975,06/14/2018,4,12,61,61,06/14/2018,03/07/2020,731.25
183,108,05/24/2018,400,3.37,05/20/2018,,2,6,102,102,05/21/2018,694,3,-978.37,05/24/2018,4,6,108,108,05/24/2018,05/24/2018,3.37
184,61,08/27/2021,423,177.71,08/10/2021,,2,23,61,61,08/10/2021,701,3,-6765.04,08/27/2021,4,23,61,61,08/27/2021,08/27/2021,177.71
185,61,08/27/2021,422,152.33,06/15/2021,,2,23,102,102,06/15/2021,701,3,-6765.04,08/27/2021,4,23,61,61,08/27/2021,08/27/2021,152.33
186,61,09/15/2021,570,30.18,06/15/2021,,2,6,102,102,06/15/2021,696,3,-3112.51,07/30/2021,4,6,61,61,07/30/2021,07/30/2021,0.1
187,61,01/19/2021,71,440,12/27/2020,,1,2,84,61,01/04/2021,972,3,-440,01/19/2021,4,2,61,61,01/19/2021,01/19/2021,440
188,61,03/18/2021,179,750,03/04/2021,,1,11,61,61,03/08/2021,1115,3,-750,03/18/2021,4,11,61,61,03/18/2021,03/18/2021,750
189,61,04/12/2021,194,400,03/12/2021,,1,8,61,61,03/16/2021,1129,3,-400,04/12/2021,4,8,61,61,04/12/2021,04/12/2021,400
190,61,05/04/2021,295,1075,03/06/2021,,1,12,61,61,03/09/2021,1157,3,-1075,05/04/2021,4,12,61,61,05/04/2021,05/04/2021,1075
191,61,11/17/2021,48,140,11/03/2021,,1,1,61,61,11/05/2021,684,3,-700,11/17/2021,4,1,61,61,11/17/2021,11/17/2021,140
192,61,12/08/2021,131,210,12/02/2021,,1,4,61,61,12/08/2021,691,3,-2733.95,06/09/2021,4,4,61,61,06/09/2021,12/02/2021,210
193,61,01/25/2022,573,180,01/25/2022,,1,4,61,61,06/30/2022,691,3,-2733.95,06/09/2021,4,4,61,61,06/09/2021,01/25/2022,85
194,61,01/28/2022,595,60,01/25/2022,,1,1,61,61,06/30/2022,937,3,-60,01/28/2022,4,1,61,61,01/28/2022,01/28/2022,60
195,61,01/28/2022,573,180,01/25/2022,,1,4,61,61,06/30/2022,1023,3,-95,01/28/2022,4,4,61,61,01/28/2022,01/28/2022,95
196,61,04/07/2022,134,180,04/01/2022,,1,4,61,61,06/30/2022,1026,3,-180,04/07/2022,4,4,61,61,04/07/2022,04/07/2022,180
197,61,05/10/2022,53,1675,05/03/2022,,1,1,61,61,05/05/2022,942,3,-1675,05/10/2022,4,1,61,61,05/10/2022,05/10/2022,1675
198,61,02/28/2023,659,1360,02/02/2023,,1,23,61,61,02/02/2023,703,3,-3743.75,02/28/2023,4,23,61,61,02/28/2023,02/28/2023,1360
199,61,10/19/2022,315,1050,08/19/2022,,1,24,61,61,08/23/2022,1174,3,-1050,10/19/2022,4,24,61,61,10/19/2022,10/19/2022,1050
200,61,05/14/2021,311,1075,03/06/2021,,1,19,61,61,03/09/2021,1169,3,-1075,05/14/2021,4,19,61,61,05/14/2021,05/14/2021,1075
201,61,01/19/2022,320,300.35,12/08/2021,,1,22,61,61,12/13/2021,1176,3,-300.35,01/19/2022,4,22,61,61,01/19/2022,01/19/2022,300.35
202,61,03/22/2022,308,1600,03/03/2022,,1,18,61,61,03/10/2022,1165,3,-1600,03/22/2022,4,18,61,61,03/22/2022,03/22/2022,1600
203,61,10/07/2022,152,1525,08/29/2022,,1,5,61,61,09/01/2022,1058,3,-1525,10/07/2022,4,5,61,61,10/07/2022,10/07/2022,1525
204,61,11/18/2022,645,2000,10/27/2022,,1,10,61,61,10/28/2022,1137,3,-2000,11/18/2022,4,10,61,61,11/18/2022,11/18/2022,2000
205,108,05/24/2018,554,5321.5,03/24/2018,,1,6,102,102,04/01/2018,694,3,-978.37,05/24/2018,4,6,108,108,05/24/2018,05/24/2018,975
206,61,07/14/2022,54,105,06/28/2022,,1,1,61,61,07/08/2022,944,3,-105,07/14/2022,4,1,61,61,07/14/2022,07/14/2022,105
207,61,07/05/2023,197,905,04/18/2023,,1,8,61,61,04/18/2023,1133,3,-905,07/05/2023,4,8,61,61,07/05/2023,07/05/2023,905
208,61,01/29/2021,127,390,12/27/2020,,1,4,61,61,01/07/2021,1022,3,-390,01/29/2021,4,4,61,61,01/29/2021,01/29/2021,390
209,61,02/23/2021,42,797,02/12/2021,,1,1,61,61,02/16/2021,935,3,-797,02/23/2021,4,1,61,61,02/23/2021,02/23/2021,797
210,61,10/27/2021,348,800,09/30/2021,,1,23,72,61,10/04/2021,897,3,-800,10/27/2021,4,23,61,61,10/27/2021,10/27/2021,800
211,61,04/20/2022,135,70,04/06/2022,,1,4,61,61,04/14/2022,1027,3,-70,04/20/2022,4,4,61,61,04/20/2022,04/20/2022,70
212,61,06/10/2022,656,745,03/04/2022,,1,23,61,61,03/04/2022,702,3,-11012.5,06/10/2022,4,23,61,61,06/10/2022,06/10/2022,745
213,61,02/28/2023,604,161.14,02/14/2023,,1,1,61,61,02/14/2023,948,3,-161.14,02/28/2023,4,1,61,61,02/28/2023,02/28/2023,161.14
214,61,04/03/2023,666,1850,03/15/2023,,1,19,61,61,03/15/2023,1171,3,-1850,04/03/2023,4,19,61,61,04/03/2023,04/03/2023,1850
215,61,04/04/2023,639,3750,03/08/2023,,1,6,61,61,03/08/2023,1090,3,-3750,04/04/2023,4,6,61,61,04/04/2023,04/04/2023,3750
216,61,10/02/2014,161,142.5,08/31/2014,,1,7,61,61,09/10/2014,1094,3,-142.5,10/02/2014,4,7,61,61,10/02/2014,10/02/2014,142.5
217,61,05/23/2023,627,70,05/11/2023,,1,4,61,61,05/11/2023,1036,3,-70,05/23/2023,4,4,61,61,05/23/2023,05/23/2023,70
218,61,07/27/2021,556,3750,05/24/2021,,1,6,84,61,05/27/2021,1084,3,-937.6,07/27/2021,4,6,61,61,07/27/2021,07/27/2021,937.6
219,61,07/30/2021,556,3750,05/24/2021,,1,6,84,61,05/27/2021,696,3,-3112.51,07/30/2021,4,6,61,61,07/30/2021,07/30/2021,1312.41
220,61,09/15/2021,556,3750,05/24/2021,,1,6,84,61,05/27/2021,1085,3,-750,07/27/2021,4,6,61,61,07/27/2021,07/27/2021,750
221,61,09/15/2021,556,3750,05/24/2021,,1,6,84,61,05/27/2021,1083,3,-749.99,07/16/2021,4,6,61,61,07/16/2021,07/16/2021,749.99
222,61,06/17/2021,43,120,02/28/2021,,1,1,61,61,02/25/2021,683,3,-2144,06/17/2021,4,1,61,61,06/17/2021,06/17/2021,120
223,61,11/17/2021,47,560,10/08/2021,,1,1,61,61,10/13/2021,684,3,-700,11/17/2021,4,1,61,61,11/17/2021,11/17/2021,560
224,61,03/09/2022,597,140,03/04/2022,,1,1,61,61,03/07/2022,939,3,-140,03/09/2022,4,1,61,61,03/09/2022,03/09/2022,140
225,61,03/22/2022,312,1650,03/03/2022,,1,19,61,61,03/09/2022,1170,3,-1650,03/22/2022,4,19,61,61,03/22/2022,03/22/2022,1650
226,61,12/09/2022,657,350,11/17/2022,,1,23,61,61,11/23/2022,898,3,-350,12/09/2022,4,23,61,61,12/09/2022,12/09/2022,350
227,61,01/10/2023,623,187.5,01/03/2023,,1,4,61,61,01/03/2023,1032,3,-187.5,01/10/2023,4,4,61,61,01/10/2023,01/10/2023,187.5
228,61,02/13/2023,624,148.75,02/09/2023,,1,4,61,61,02/09/2023,1033,3,-148.75,02/13/2023,4,4,61,61,02/13/2023,02/13/2023,148.75
229,61,06/28/2023,628,6700,06/19/2023,,1,4,61,61,06/19/2023,1037,3,-6700,06/28/2023,4,4,61,61,06/28/2023,06/28/2023,6700
230,61,08/27/2021,193,350,02/19/2021,,1,8,61,61,02/23/2021,1130,3,-350,08/27/2021,4,8,61,61,08/27/2021,08/27/2021,350
231,61,03/12/2024,614,95,03/07/2024,,1,1,61,61,03/07/2024,963,3,-95,03/12/2024,4,1,61,61,03/12/2024,03/12/2024,95
232,61,03/06/2020,342,887.4,01/31/2020,,1,23,72,102,02/10/2020,699,3,-5088.4,03/06/2020,4,23,61,61,03/06/2020,03/06/2020,887.4
233,61,02/12/2021,178,700,12/27/2020,,1,11,61,61,01/07/2021,1114,3,-700,02/12/2021,4,11,61,61,02/12/2021,02/12/2021,700
234,61,04/27/2021,307,1075,03/06/2021,,1,18,61,61,03/09/2021,1164,3,-1075,04/27/2021,4,18,61,61,04/27/2021,04/27/2021,1075
235,61,12/01/2021,80,300,09/30/2021,,1,3,84,61,10/06/2021,979,3,-300,12/01/2021,4,3,61,61,12/01/2021,12/01/2021,300
236,61,04/12/2022,181,1525,03/25/2022,,1,11,61,61,03/30/2022,1117,3,-1525,04/12/2022,4,11,61,61,04/12/2022,04/12/2022,1525
237,61,06/10/2022,655,2500,02/21/2022,,1,23,61,61,03/03/2022,702,3,-11012.5,06/10/2022,4,23,61,61,06/10/2022,06/10/2022,2500
238,61,02/28/2023,351,383.75,02/07/2023,,1,23,61,61,02/07/2023,703,3,-3743.75,02/28/2023,4,23,61,61,02/28/2023,02/28/2023,383.75
239,61,07/06/2022,598,60,07/01/2022,,1,1,61,61,10/11/2022,943,3,-60,07/06/2022,4,1,61,61,07/06/2022,07/06/2022,60
240,61,04/18/2023,626,70,04/12/2023,,1,4,61,61,04/12/2023,1034,3,-70,04/18/2023,4,4,61,61,04/18/2023,04/18/2023,70
241,61,04/21/2023,159,1950,03/15/2023,,1,6,61,61,03/15/2023,1091,3,-1950,04/21/2023,4,6,61,61,04/21/2023,04/21/2023,1950
242,61,05/12/2023,605,375,04/03/2023,,1,1,61,61,04/03/2023,950,3,-375,05/12/2023,4,1,61,61,05/12/2023,05/12/2023,375
243,61,09/15/2021,558,1200,03/13/2021,,1,7,61,61,03/16/2021,1102,3,-420,07/27/2021,4,7,61,61,09/15/2021,07/27/2021,420
244,61,09/15/2021,558,1200,03/13/2021,,1,7,61,61,03/16/2021,1101,3,-780,07/16/2021,4,7,61,61,09/15/2021,07/16/2021,780
245,61,03/12/2024,636,600,02/29/2024,,1,4,61,61,02/29/2024,1048,3,-600,03/12/2024,4,4,61,61,03/12/2024,03/12/2024,600
246,108,01/24/2020,122,555,01/15/2020,,1,4,102,102,01/21/2020,1019,3,-555,01/24/2020,4,4,108,108,01/24/2020,01/24/2020,555
247,61,07/19/2023,138,187.5,07/18/2023,,1,4,61,61,07/18/2023,1038,3,-187.5,07/19/2023,4,4,61,61,07/19/2023,07/19/2023,187.5
248,61,02/12/2021,345,3615,12/27/2020,,1,23,61,61,01/05/2021,896,3,-3615,02/12/2021,4,23,61,61,02/12/2021,02/12/2021,3615
249,61,04/23/2021,72,510,04/08/2021,,1,2,61,61,04/09/2021,973,3,-510,04/23/2021,4,2,61,61,04/23/2021,04/23/2021,510
250,61,01/12/2022,50,70,01/04/2022,,1,1,61,61,01/05/2022,685,3,-140,01/12/2022,4,1,61,61,01/12/2022,01/12/2022,70
251,61,03/01/2022,168,20,01/31/2022,,1,7,61,61,02/02/2022,1103,3,-20,03/01/2022,4,7,61,61,03/01/2022,03/01/2022,20
252,61,11/08/2022,615,1100,10/27/2022,,1,2,61,61,10/28/2022,975,3,-1100,11/08/2022,4,2,61,61,11/08/2022,11/08/2022,1100
253,61,11/18/2022,618,1300,10/27/2022,,1,3,61,61,10/28/2022,980,3,-1300,11/18/2022,4,3,61,61,11/18/2022,11/18/2022,1300
254,61,01/10/2023,603,105,01/05/2023,,1,1,61,61,01/05/2023,686,3,-165,01/10/2023,4,1,61,61,01/10/2023,01/10/2023,105
255,61,08/15/2022,599,105,08/11/2022,,1,1,61,61,08/11/2022,945,3,-105,08/15/2022,4,1,61,61,08/15/2022,08/15/2022,105
256,61,03/12/2024,143,140,03/07/2024,,1,4,61,61,03/07/2024,1049,3,-140,03/12/2024,4,4,61,61,03/12/2024,03/12/2024,140
257,61,09/29/2023,609,200,09/14/2023,,1,1,61,61,09/14/2023,956,3,-200,09/29/2023,4,1,61,61,09/29/2023,09/29/2023,200
258,102,06/24/2020,555,5082.5,03/07/2020,,1,6,76,102,03/09/2020,1080,3,-746.5,04/20/2020,4,6,102,102,04/20/2020,04/20/2020,746.5
259,61,02/09/2022,596,70,02/03/2022,,1,1,61,61,02/04/2022,938,3,-70,02/09/2022,4,1,61,61,02/09/2022,02/09/2022,70
260,61,03/09/2022,619,310,03/04/2022,,1,4,61,61,03/07/2022,1024,3,-310,03/09/2022,4,4,61,61,03/09/2022,03/09/2022,310
261,61,04/07/2022,51,60,04/01/2022,,1,1,61,61,06/30/2022,940,3,-60,04/07/2022,4,1,61,61,04/07/2022,04/07/2022,60
262,61,04/20/2022,52,105,04/06/2022,,1,1,61,61,04/14/2022,941,3,-105,04/20/2022,4,1,61,61,04/20/2022,04/20/2022,105
263,61,06/10/2022,349,6457.5,03/14/2022,,1,23,61,61,03/22/2022,702,3,-11012.5,06/10/2022,4,23,61,61,06/10/2022,06/10/2022,6457.5
264,61,10/28/2022,574,187.5,10/04/2022,,1,4,61,61,10/11/2022,1031,3,-187,10/28/2022,4,4,61,61,10/28/2022,10/28/2022,187
265,61,01/10/2023,602,60,01/03/2023,,1,1,61,61,01/03/2023,686,3,-165,01/10/2023,4,1,61,61,01/10/2023,01/10/2023,60
266,61,05/16/2023,641,1425,04/06/2023,,1,7,61,61,04/06/2023,1105,3,-1425,05/16/2023,4,7,61,61,05/16/2023,05/16/2023,1425
267,61,06/28/2023,646,2000,05/25/2023,,1,10,61,61,05/25/2023,1138,3,-2000,06/28/2023,4,10,61,61,06/28/2023,06/28/2023,2000
268,108,11/10/2017,205,3903.75,10/31/2017,,1,14,73,102,11/03/2017,1141,3,-3903.75,11/10/2017,4,14,108,108,11/10/2017,11/10/2017,3903.75
269,61,10/13/2021,130,210,10/08/2021,,1,4,61,61,10/13/2021,691,3,-2733.95,06/09/2021,4,4,61,61,06/09/2021,10/08/2021,210
270,61,02/28/2024,640,1000,01/11/2024,,1,6,61,61,01/11/2024,1092,3,-1000,02/28/2024,4,6,61,61,02/28/2024,02/28/2024,1000
271,61,01/12/2022,49,70,12/02/2021,,1,1,61,61,12/08/2021,685,3,-140,01/12/2022,4,1,61,61,01/12/2022,01/12/2022,70
272,61,03/24/2022,133,840,03/14/2022,,1,4,61,61,03/22/2022,1025,3,-840,03/24/2022,4,4,61,61,03/24/2022,03/24/2022,840
273,61,02/28/2023,658,2000,12/23/2022,,1,23,61,61,12/29/2022,703,3,-3743.75,02/28/2023,4,23,61,61,02/28/2023,02/28/2023,2000
274,61,10/28/2022,601,60,10/04/2022,,1,1,61,61,10/11/2022,947,3,-60,10/28/2022,4,1,61,61,10/28/2022,10/28/2022,60
275,61,04/25/2023,637,1700,03/15/2023,,1,5,61,61,03/15/2023,1059,3,-1700,04/25/2023,4,5,61,61,04/25/2023,04/25/2023,1700
276,61,02/23/2016,96,155.25,01/31/2016,,1,4,61,61,02/10/2016,993,3,-155.25,02/23/2016,4,4,50,50,02/23/2016,02/23/2016,155.25
277,108,07/29/2020,201,800,03/23/2020,,1,10,76,102,04/03/2020,1135,3,-800,07/29/2020,4,10,108,108,07/29/2020,07/29/2020,800
278,61,06/09/2021,550,985,02/20/2021,,1,4,61,61,02/25/2021,691,3,-2733.95,06/09/2021,4,4,61,61,06/09/2021,06/09/2021,410
279,61,02/14/2022,180,175,01/12/2022,,1,11,70,61,02/04/2022,1116,3,-175,02/14/2022,4,11,61,61,02/14/2022,02/14/2022,175
280,61,10/07/2019,338,275,08/01/2019,,1,23,72,102,08/09/2019,895,3,-275,10/07/2019,4,23,61,61,10/07/2019,10/07/2019,275
281,61,06/28/2023,608,1700,06/19/2023,,1,1,61,61,06/19/2023,952,3,-1700,06/28/2023,4,1,61,61,06/28/2023,06/28/2023,1700
282,61,03/06/2020,339,935,09/23/2019,,1,23,72,102,10/08/2019,699,3,-5088.4,03/06/2020,4,23,61,61,03/06/2020,03/06/2020,935
283,61,11/30/2023,631,200,11/08/2023,,1,4,61,61,11/08/2023,1044,3,-200,11/30/2023,4,4,61,61,11/30/2023,11/30/2023,200
284,61,07/21/2023,660,450,06/21/2023,,1,23,61,61,06/21/2023,704,3,-9360,07/21/2023,4,23,61,61,07/21/2023,07/21/2023,450
285,61,01/11/2021,306,475,12/27/2020,,1,18,84,61,01/04/2021,1163,3,-475,01/11/2021,4,18,61,61,01/11/2021,01/11/2021,475
286,61,10/20/2023,140,90,10/18/2023,,1,4,61,61,10/18/2023,1041,3,-90,10/20/2023,4,4,61,61,10/20/2023,10/20/2023,90
287,61,05/12/2023,625,187.5,04/03/2023,,1,4,61,61,04/03/2023,1035,3,-187.5,05/12/2023,4,4,61,61,05/12/2023,05/12/2023,187.5
288,61,05/23/2023,607,105,05/11/2023,,1,1,61,61,05/11/2023,951,3,-105,05/23/2023,4,1,61,61,05/23/2023,05/23/2023,105
289,61,07/27/2021,151,1500,03/13/2021,,1,5,61,61,03/16/2021,1057,3,-1500,07/27/2021,4,5,61,61,07/27/2021,07/27/2021,1500
290,50,02/23/2016,15,103.5,01/31/2016,,1,1,61,61,02/10/2016,910,3,-103.5,02/23/2016,4,1,50,50,02/23/2016,02/23/2016,103.5
291,61,01/11/2021,310,475,12/27/2020,,1,19,84,61,01/04/2021,1168,3,-475,01/11/2021,4,19,61,61,01/11/2021,01/11/2021,475
292,61,01/30/2024,644,390,01/11/2024,,1,8,61,61,01/11/2024,1134,3,-390,01/30/2024,4,8,61,61,01/30/2024,01/30/2024,390
293,61,04/21/2021,314,1000,03/15/2021,,1,24,61,61,03/16/2021,1173,3,-1000,04/21/2021,4,24,61,61,04/21/2021,04/21/2021,1000
294,61,07/11/2014,7,338.5,06/30/2014,,1,1,61,47,07/08/2014,901,3,-338.5,07/11/2014,4,1,61,61,07/11/2014,07/11/2014,338.5
295,61,04/27/2022,296,1600,03/03/2022,,1,12,61,61,03/10/2022,1158,3,-1600,04/27/2022,4,12,61,61,04/27/2022,04/27/2022,1600
296,61,07/14/2022,136,70,06/28/2022,,1,4,61,61,07/08/2022,1029,3,-70,07/14/2022,4,4,61,61,07/14/2022,07/14/2022,70
297,61,09/15/2021,158,1800,03/13/2021,,1,6,61,61,03/16/2021,696,3,-3112.51,07/30/2021,4,6,61,61,07/30/2021,07/30/2021,1800
298,108,04/02/2020,567,950,03/07/2020,,1,12,76,102,03/09/2020,1155,3,-218.75,04/02/2020,4,12,108,108,04/02/2020,04/02/2020,218.75
299,61,11/17/2023,81,1850,10/18/2023,,1,3,61,61,10/18/2023,981,3,-1850,11/17/2023,4,3,61,61,11/17/2023,11/17/2023,1850
300,61,10/05/2023,59,390,10/02/2023,,1,1,61,61,10/02/2023,957,3,-390,10/05/2023,4,1,61,61,10/05/2023,10/05/2023,390
301,61,10/20/2023,60,515,10/18/2023,,1,1,61,61,10/18/2023,958,3,-515,10/20/2023,4,1,61,61,10/20/2023,10/20/2023,515
302,61,12/17/2020,344,275,07/20/2020,,1,23,72,102,07/22/2020,700,3,-7509,12/17/2020,4,23,61,61,12/17/2020,12/17/2020,275
303,61,01/05/2024,141,180,01/02/2024,,1,4,61,61,01/02/2024,1046,3,-180,01/05/2024,4,4,61,61,01/05/2024,01/05/2024,180
304,61,01/05/2024,61,360,01/02/2024,,1,1,61,61,01/02/2024,961,3,-360,01/05/2024,4,1,61,61,01/05/2024,01/05/2024,360
305,61,01/26/2024,661,1000,01/18/2024,,1,23,61,61,01/18/2024,704,3,-9360,07/21/2023,4,23,61,61,07/21/2023,01/18/2024,1000
306,61,12/26/2023,568,7400,04/20/2023,,1,23,61,61,04/20/2023,704,3,-9360,07/21/2023,4,23,61,61,07/21/2023,07/21/2023,3100
307,61,01/17/2024,635,600,01/11/2024,,1,4,61,61,01/11/2024,692,3,-860,01/17/2024,4,4,61,61,01/17/2024,01/17/2024,600
308,61,06/09/2021,129,1148.95,05/26/2021,,1,4,61,61,05/27/2021,691,3,-2733.95,06/09/2021,4,4,61,61,06/09/2021,06/09/2021,1148.95
309,61,03/10/2023,182,1754,02/27/2023,,1,11,61,61,02/27/2023,1118,3,-1754,03/10/2023,4,11,61,61,03/10/2023,03/10/2023,1754
310,61,08/27/2021,346,285,02/27/2021,,1,23,61,61,03/03/2021,701,3,-6765.04,08/27/2021,4,23,61,61,08/27/2021,08/27/2021,285
311,61,10/31/2023,630,5975,10/26/2023,,1,4,61,61,10/26/2023,1042,3,-5975,10/31/2023,4,4,61,61,10/31/2023,10/31/2023,5975
312,61,11/16/2023,632,600,11/14/2023,,1,4,61,61,11/14/2023,1043,3,-600,11/16/2023,4,4,61,61,11/16/2023,11/16/2023,600
313,61,01/17/2024,634,260,01/04/2024,,1,4,61,61,01/04/2024,692,3,-860,01/17/2024,4,4,61,61,01/17/2024,01/17/2024,260
314,61,01/30/2024,642,240,01/11/2024,,1,11,61,61,01/11/2024,1119,3,-240,01/30/2024,4,11,61,61,01/30/2024,01/30/2024,240
315,61,03/06/2020,340,765,10/31/2019,,1,23,72,102,11/08/2019,699,3,-5088.4,03/06/2020,4,23,61,61,03/06/2020,03/06/2020,765
316,108,08/24/2020,78,850,03/23/2020,,1,3,76,102,04/03/2020,977,3,-850,08/24/2020,4,3,108,108,08/24/2020,08/24/2020,850
317,61,11/16/2023,610,225,11/08/2023,,1,1,61,61,11/08/2023,959,3,-225,11/16/2023,4,1,61,61,11/16/2023,11/16/2023,225
318,61,12/11/2023,611,90,12/06/2023,,1,1,61,61,12/07/2023,960,3,-90,12/11/2023,4,1,61,61,12/11/2023,12/11/2023,90
319,61,12/17/2020,343,7234,02/29/2020,,1,23,72,102,03/10/2020,700,3,-7509,12/17/2020,4,23,61,61,12/17/2020,12/17/2020,7234
320,61,01/17/2024,612,170,01/04/2024,,1,1,61,61,01/04/2024,687,3,-920,01/17/2024,4,1,61,61,01/17/2024,01/17/2024,170
321,61,06/17/2021,44,798,04/27/2021,,1,1,61,61,04/28/2021,683,3,-2144,06/17/2021,4,1,61,61,06/17/2021,06/17/2021,798
322,61,11/29/2021,73,150,09/30/2021,,1,2,84,61,10/06/2021,974,3,-150,11/29/2021,4,2,61,61,11/29/2021,11/29/2021,150
323,108,04/12/2019,77,900,04/08/2019,,1,3,102,102,04/09/2019,976,3,-900,04/12/2019,4,3,108,108,04/12/2019,04/12/2019,900
324,61,09/20/2022,557,3750,09/02/2022,,1,6,84,61,09/02/2022,1086,3,-1250,09/20/2022,4,6,61,61,09/20/2022,09/20/2022,1250
325,61,09/20/2022,557,3750,09/02/2022,,1,6,84,61,09/02/2022,1087,3,-1250,09/20/2022,4,6,61,61,09/20/2022,09/20/2022,1250
326,61,09/20/2022,169,1250,09/03/2022,,1,7,84,61,09/06/2022,1104,3,-1250,09/20/2022,4,7,61,61,09/20/2022,09/20/2022,1250
327,61,10/07/2022,557,3750,09/02/2022,,1,6,84,61,09/02/2022,1088,3,-1250,10/07/2022,4,6,61,61,10/07/2022,10/07/2022,1250
328,61,03/14/2023,316,1100,02/27/2023,,1,24,61,61,02/27/2023,1175,3,-1100,03/14/2023,4,24,61,61,03/14/2023,03/14/2023,1100
329,61,05/19/2023,297,1650,02/27/2023,,1,12,61,61,02/27/2023,1159,3,-1650,05/19/2023,4,12,61,61,05/19/2023,05/19/2023,1650
330,61,07/30/2021,202,2000,04/22/2021,,1,10,61,61,06/04/2021,1136,3,-2000,07/30/2021,4,10,61,61,07/30/2021,07/30/2021,2000
331,61,07/13/2023,56,120,07/13/2023,,1,1,61,61,07/13/2023,953,3,-120,07/13/2023,4,1,61,61,07/13/2023,07/13/2023,120
332,61,07/19/2023,57,375,07/18/2023,,1,1,61,61,07/18/2023,954,3,-375,07/19/2023,4,1,61,61,07/19/2023,07/19/2023,375
333,61,07/21/2023,352,1510,04/20/2023,,1,23,61,61,04/20/2023,704,3,-9360,07/21/2023,4,23,61,61,07/21/2023,07/21/2023,1510
334,61,09/06/2023,58,1930,08/28/2023,,1,1,61,61,08/28/2023,955,3,-1930,09/06/2023,4,1,61,61,09/06/2023,09/06/2023,1930
335,61,09/29/2023,629,360,09/14/2023,,1,4,61,61,09/14/2023,1039,3,-360,09/29/2023,4,4,61,61,09/29/2023,09/29/2023,360
336,61,01/17/2024,613,750,01/11/2024,,1,1,61,61,01/11/2024,687,3,-920,01/17/2024,4,1,61,61,01/17/2024,01/17/2024,750
337,61,02/12/2024,142,575,02/08/2024,,1,4,61,61,02/08/2024,1047,3,-575,02/12/2024,4,4,61,61,02/12/2024,02/12/2024,575
338,61,06/09/2021,128,600,02/14/2021,,1,4,61,61,02/15/2021,691,3,-2733.95,06/09/2021,4,4,61,61,06/09/2021,06/09/2021,600
339,61,10/19/2021,46,120,08/31/2021,,1,1,61,61,09/09/2021,936,3,-120,10/19/2021,4,1,61,61,10/19/2021,10/19/2021,120
340,61,01/05/2022,132,70,01/04/2022,,1,4,61,61,01/05/2022,691,3,-2733.95,06/09/2021,4,4,61,61,06/09/2021,01/04/2022,70
341,61,05/17/2022,196,787.5,04/08/2022,,1,8,61,61,04/20/2022,1132,3,-787.5,05/17/2022,4,8,61,61,05/17/2022,05/17/2022,787.5
342,61,09/19/2022,600,105,09/05/2022,,1,1,61,61,09/07/2022,946,3,-105,09/19/2022,4,1,61,61,09/19/2022,09/19/2022,105
343,61,11/18/2022,638,1800,10/27/2022,,1,6,61,61,10/31/2022,1089,3,-1800,11/18/2022,4,6,61,61,11/18/2022,11/18/2022,1800
344,61,07/06/2022,620,180,07/01/2022,,1,4,61,61,10/11/2022,1028,3,-180,07/06/2022,4,4,61,61,07/06/2022,07/06/2022,180
345,61,04/03/2023,665,1650,03/15/2023,,1,18,61,61,03/15/2023,1166,3,-1650,04/03/2023,4,18,61,61,04/03/2023,04/03/2023,1650
346,108,01/24/2020,39,120,01/15/2020,,1,1,102,102,01/21/2020,932,3,-120,01/24/2020,4,1,108,108,01/24/2020,01/24/2020,120
347,61,03/06/2020,341,2501,12/31/2019,,1,23,72,102,01/07/2020,699,3,-5088.4,03/06/2020,4,23,61,61,03/06/2020,03/06/2020,2501
348,61,01/11/2021,294,475,12/27/2020,,1,12,84,61,01/04/2021,1156,3,-475,01/11/2021,4,12,61,61,01/11/2021,01/11/2021,475
349,61,06/17/2021,45,1226,05/28/2021,,1,1,61,61,06/01/2021,683,3,-2144,06/17/2021,4,1,61,61,06/17/2021,06/17/2021,1226
350,61,02/14/2022,195,275,01/12/2022,,1,8,70,61,02/04/2022,1131,3,-275,02/14/2022,4,8,61,61,02/14/2022,02/14/2022,275
351,61,06/10/2022,350,1310,05/06/2022,,1,23,80,61,05/09/2022,702,3,-11012.5,06/10/2022,4,23,61,61,06/10/2022,06/10/2022,1310
352,61,08/15/2022,621,70,08/11/2022,,1,4,61,61,08/11/2022,1030,3,-70,08/15/2022,4,4,61,61,08/15/2022,08/15/2022,70
353,61,04/18/2023,606,70,04/12/2023,,1,1,61,61,04/12/2023,949,3,-70,04/18/2023,4,1,61,61,04/18/2023,04/18/2023,70
354,61,08/17/2021,79,1300,05/07/2021,,1,3,61,61,06/04/2021,978,3,-1300,08/17/2021,4,3,61,61,08/17/2021,08/17/2021,1300
355,61,08/27/2021,347,6150,02/27/2021,,1,23,61,61,03/03/2021,701,3,-6765.04,08/27/2021,4,23,61,61,08/27/2021,08/27/2021,6150
356,108,04/21/2020,177,1397.5,03/31/2020,,1,11,70,61,04/09/2020,1113,3,-1397.5,04/21/2020,4,11,108,108,04/21/2020,04/21/2020,1397.5
357,61,10/05/2023,139,195,10/02/2023,,1,4,61,61,10/02/2023,1040,3,-195,10/05/2023,4,4,61,61,10/05/2023,10/05/2023,195
358,61,12/11/2023,633,330,12/05/2023,,1,4,61,61,12/07/2023,1045,3,-330,12/11/2023,4,4,61,61,12/11/2023,12/11/2023,330
359,61,02/12/2024,62,225,02/08/2024,,1,1,61,61,02/08/2024,962,3,-225,02/12/2024,4,1,61,61,02/12/2024,02/12/2024,225
360,61,02/15/2024,353,465,02/15/2024,,1,23,61,61,02/15/2024,704,3,-9360,07/21/2023,4,23,61,61,07/21/2023,02/15/2024,465
361,108,12/21/2018,381,13.79,08/20/2018,,2,3,61,61,08/31/2018,713,3,-902,12/20/2018,9,3,108,108,12/21/2018,12/20/2018,13.79
362,61,10/14/2022,257,900,10/06/2022,,1,14,61,61,10/14/2022,726,3,-1050,10/06/2022,11,14,61,61,10/14/2022,10/06/2022,900
363,61,08/08/2022,561,900,08/05/2022,,1,14,61,61,08/08/2022,725,3,-400,08/05/2022,11,14,61,61,08/08/2022,08/05/2022,250
364,108,12/21/2018,548,902,04/30/2018,,1,3,102,102,05/04/2018,713,3,-902,12/20/2018,9,3,108,108,12/21/2018,12/20/2018,820.1
365,108,12/21/2018,382,13.79,09/20/2018,,2,3,102,102,09/21/2018,713,3,-902,12/20/2018,9,3,108,108,12/21/2018,12/20/2018,13.79
366,61,11/22/2022,563,900,11/07/2022,,1,14,61,61,11/22/2022,866,3,-150,07/05/2022,11,14,61,61,07/11/2022,11/07/2022,150
367,61,11/22/2022,563,900,11/07/2022,,1,14,61,61,11/22/2022,867,3,-150,08/05/2022,11,14,61,61,08/08/2022,11/07/2022,150
368,61,11/22/2022,563,900,11/07/2022,,1,14,61,61,11/22/2022,869,3,-150,09/06/2022,11,14,61,61,09/09/2022,11/07/2022,150
369,61,11/22/2022,563,900,11/07/2022,,1,14,61,61,11/22/2022,726,3,-1050,10/06/2022,11,14,61,61,10/14/2022,11/07/2022,150
370,61,11/22/2022,563,900,11/07/2022,,1,14,61,61,11/22/2022,727,3,-1050,11/07/2022,11,14,61,61,11/09/2022,11/07/2022,300
371,61,01/03/2023,564,900,12/07/2022,,1,14,61,61,01/03/2023,727,3,-1050,11/07/2022,11,14,61,61,11/09/2022,12/07/2022,750
372,61,01/03/2023,564,900,12/07/2022,,1,14,61,61,01/03/2023,870,3,-150,12/06/2022,11,14,61,61,12/09/2022,12/07/2022,150
373,102,02/08/2017,369,13.07,10/20/2016,,2,3,61,61,10/20/2016,711,3,-977.85,02/07/2017,9,3,102,102,02/08/2017,02/07/2017,13.07
374,102,02/08/2017,371,17.43,12/30/2016,,2,3,102,102,12/30/2016,711,3,-977.85,02/07/2017,9,3,102,102,02/08/2017,02/07/2017,17.43
375,102,02/08/2017,372,9.15,01/20/2017,,2,3,61,61,01/20/2017,711,3,-977.85,02/07/2017,9,3,102,102,02/08/2017,02/07/2017,9.15
376,61,03/25/2014,84,306.25,01/31/2014,,1,4,61,61,02/05/2014,852,3,-306.25,02/28/2014,9,4,61,61,03/25/2014,02/28/2014,306.25
377,61,07/11/2022,250,900,07/05/2022,,1,14,61,61,07/11/2022,865,3,-900,07/05/2022,11,14,61,61,07/11/2022,07/05/2022,900
378,102,02/08/2017,75,883.73,04/29/2016,,1,3,61,61,05/04/2016,711,3,-977.85,02/07/2017,9,3,102,102,02/08/2017,02/07/2017,883.73
379,108,12/21/2018,385,14.68,12/20/2018,,2,3,102,102,12/20/2018,713,3,-902,12/20/2018,9,3,108,108,12/21/2018,12/20/2018,14.68
380,47,11/14/2013,83,115,10/31/2013,,1,4,61,61,11/06/2013,851,3,-115,11/13/2013,9,4,47,47,11/14/2013,11/13/2013,115
381,61,05/09/2023,276,900,05/05/2023,,1,14,61,61,05/09/2023,875,3,-900,05/05/2023,11,14,61,61,05/09/2023,05/05/2023,900
382,102,12/19/2017,378,10.09,11/18/2017,,2,3,102,102,11/20/2017,712,3,-879.94,12/18/2017,9,3,102,102,12/19/2017,12/18/2017,10.09
383,102,02/08/2017,368,13.51,09/20/2016,,2,3,102,102,09/20/2016,711,3,-977.85,02/07/2017,9,3,102,102,02/08/2017,02/07/2017,13.51
384,61,07/11/2023,281,1200,07/06/2023,,1,14,61,61,07/11/2023,877,3,-1200,07/06/2023,11,14,61,61,07/11/2023,07/06/2023,1200
385,102,05/22/2017,198,837.25,04/30/2017,,1,10,102,102,05/08/2017,855,3,-837.25,05/19/2017,9,10,102,102,05/22/2017,05/19/2017,837.25
386,47,02/11/2014,5,140,12/31/2013,,1,1,61,61,01/08/2014,849,3,-140,02/10/2014,9,1,47,47,02/11/2014,02/10/2014,140
387,47,09/19/2013,2,75.6,08/31/2013,,1,1,61,61,09/10/2013,846,3,-75.6,09/18/2013,9,1,47,47,09/19/2013,09/18/2013,75.6
388,102,06/04/2018,417,3.04,05/20/2018,,2,10,102,102,05/21/2018,715,3,-883.37,05/31/2018,9,10,102,102,06/04/2018,05/31/2018,3.04
389,102,02/08/2017,367,13.51,08/20/2016,,2,3,61,61,08/22/2016,711,3,-977.85,02/07/2017,9,3,102,102,02/08/2017,02/07/2017,13.51
390,61,04/23/2020,221,650,03/31/2020,,1,14,58,61,04/11/2020,856,3,-650,04/23/2020,9,14,61,61,04/23/2020,04/23/2020,650
391,61,07/11/2023,326,160,07/06/2023,,1,25,61,61,07/11/2023,885,3,-160,07/06/2023,11,25,61,61,07/11/2023,07/06/2023,160
392,108,06/29/2020,223,650,05/31/2020,,1,14,58,61,06/17/2020,858,3,-650,06/26/2020,9,14,108,108,06/29/2020,06/26/2020,650
393,61,03/08/2023,270,900,03/06/2023,,1,14,61,61,03/07/2023,873,3,-900,03/06/2023,11,14,61,61,03/07/2023,03/06/2023,900
394,47,09/19/2013,82,129.6,08/31/2013,,1,4,61,61,09/10/2013,850,3,-129.6,09/18/2013,9,4,47,47,09/19/2013,09/18/2013,129.6
395,102,06/04/2018,199,880.33,03/24/2018,,1,10,102,102,04/01/2018,715,3,-883.37,05/31/2018,9,10,102,102,06/04/2018,05/31/2018,880.33
396,108,08/22/2019,420,11.32,08/20/2019,,2,10,102,102,08/20/2019,716,3,-820.52,08/20/2019,9,10,108,108,08/22/2019,08/20/2019,11.32
397,61,06/07/2023,279,900,06/06/2023,,1,14,61,61,06/07/2023,876,3,-900,06/06/2023,11,14,61,61,06/07/2023,06/06/2023,900
398,102,12/19/2017,374,12.11,07/20/2017,,2,3,102,102,07/24/2017,712,3,-879.94,12/18/2017,9,3,102,102,12/19/2017,12/18/2017,12.11
399,61,09/07/2023,286,1200,09/06/2023,,1,14,61,61,09/07/2023,879,3,-1200,09/06/2023,11,14,61,61,09/07/2023,09/06/2023,1200
400,108,08/22/2019,418,5.46,06/20/2019,,2,10,102,102,06/20/2019,716,3,-820.52,08/20/2019,9,10,108,108,08/22/2019,08/20/2019,5.46
401,102,12/19/2017,373,0.5,06/20/2017,,2,3,102,102,06/20/2017,712,3,-879.94,12/18/2017,9,3,102,102,12/19/2017,12/18/2017,0.5
402,102,12/19/2017,375,12.51,08/20/2017,,2,3,102,102,08/24/2017,712,3,-879.94,12/18/2017,9,3,102,102,12/19/2017,12/18/2017,12.51
403,102,12/22/2016,412,13.24,07/20/2016,,2,10,102,102,07/20/2016,714,3,-138.93,12/21/2016,9,10,102,102,12/22/2016,12/21/2016,13.24
404,102,12/22/2016,415,1.4,10/20/2016,,2,10,61,61,10/20/2016,714,3,-138.93,12/21/2016,9,10,102,102,12/22/2016,12/21/2016,1.4
405,61,04/21/2020,220,650,02/29/2020,,1,14,58,102,03/06/2020,717,3,-2600,03/24/2020,9,14,61,61,04/21/2020,03/24/2020,650
406,108,12/21/2018,380,13.34,07/20/2018,,2,3,102,102,07/19/2018,713,3,-902,12/20/2018,9,3,108,108,12/21/2018,12/20/2018,13.34
407,61,03/08/2024,335,160,03/06/2024,,1,25,61,61,03/08/2024,893,3,-160,03/06/2024,11,25,61,61,03/07/2024,03/06/2024,160
408,61,09/07/2023,328,160,09/06/2023,,1,25,61,61,09/07/2023,887,3,-160,09/06/2023,11,25,61,61,09/07/2023,09/06/2023,160
409,102,12/22/2016,413,13.68,08/20/2016,,2,10,61,61,08/22/2016,714,3,-138.93,12/21/2016,9,10,102,102,12/22/2016,12/21/2016,13.68
410,61,11/23/2020,228,650,10/31/2020,,1,14,58,61,11/10/2020,863,3,-650,11/19/2020,9,14,61,61,11/23/2020,11/19/2020,650
411,108,08/05/2020,317,500,07/07/2020,,1,22,73,102,07/20/2020,864,3,-500,08/04/2020,9,22,108,108,08/05/2020,08/04/2020,500
412,102,12/22/2016,414,13.68,09/20/2016,,2,10,102,102,09/20/2016,714,3,-138.93,12/21/2016,9,10,102,102,12/22/2016,12/21/2016,13.68
413,61,01/09/2024,290,1200,01/05/2024,,1,14,61,61,01/09/2024,882,3,-1200,01/05/2024,11,14,61,61,01/08/2024,01/05/2024,1200
414,61,11/08/2023,331,160,11/08/2023,,1,25,61,61,11/10/2023,889,3,-160,11/06/2023,11,25,61,61,11/08/2023,11/08/2023,160
415,108,10/22/2020,227,650,09/30/2020,,1,14,61,61,10/14/2020,862,3,-650,10/16/2020,9,14,108,108,10/22/2020,10/16/2020,650
416,61,02/10/2024,334,160,02/05/2024,,1,25,61,61,02/09/2024,892,3,-160,02/05/2024,11,25,61,61,02/09/2024,02/05/2024,160
417,108,05/18/2020,222,650,04/30/2020,,1,14,58,102,05/11/2020,857,3,-650,05/15/2020,9,14,108,108,05/18/2020,05/15/2020,650
418,108,08/18/2020,225,650,07/31/2020,,1,14,58,102,08/10/2020,860,3,-650,08/14/2020,9,14,108,108,08/18/2020,08/14/2020,650
419,61,11/08/2023,566,1200,11/08/2023,,1,14,61,61,11/10/2023,880,3,-908.6,11/06/2023,11,14,61,61,11/08/2023,11/08/2023,908.6
420,102,09/22/2016,559,894.6,04/29/2016,,1,10,61,61,05/04/2016,853,3,-500,09/21/2016,9,10,102,102,09/22/2016,09/21/2016,500
421,102,10/18/2016,559,894.6,04/29/2016,,1,10,61,61,05/04/2016,854,3,-300,10/17/2016,9,10,102,102,10/18/2016,10/17/2016,300
422,102,12/22/2016,559,894.6,04/29/2016,,1,10,61,61,05/04/2016,714,3,-138.93,12/21/2016,9,10,102,102,12/22/2016,12/21/2016,94.6
423,102,12/22/2016,416,1.45,11/20/2016,,2,10,61,61,11/21/2016,714,3,-138.93,12/21/2016,9,10,102,102,12/22/2016,12/21/2016,1.45
424,102,02/08/2017,366,13.07,07/20/2016,,2,3,102,102,07/20/2016,711,3,-977.85,02/07/2017,9,3,102,102,02/08/2017,02/07/2017,13.07
425,102,02/08/2017,370,13.51,11/20/2016,,2,3,61,61,11/21/2016,711,3,-977.85,02/07/2017,9,3,102,102,02/08/2017,02/07/2017,13.51
426,47,11/14/2013,3,178.75,10/31/2013,,1,1,61,61,11/06/2013,847,3,-178.75,11/13/2013,9,1,47,47,11/14/2013,11/13/2013,178.75
427,102,12/19/2017,76,818.5,04/30/2017,,1,3,102,102,05/08/2017,712,3,-879.94,12/18/2017,9,3,102,102,12/19/2017,12/18/2017,818.5
428,61,02/09/2024,291,1200,02/05/2024,,1,14,61,61,02/08/2024,883,3,-1200,02/05/2024,11,14,61,61,02/08/2024,02/05/2024,1200
429,108,12/21/2018,379,0.5,06/20/2018,,2,3,102,102,06/21/2018,713,3,-902,12/20/2018,9,3,108,108,12/21/2018,12/20/2018,0.5
430,61,02/15/2023,267,900,02/06/2023,,1,14,61,61,02/14/2023,872,3,-900,02/06/2023,11,14,61,61,02/14/2023,02/06/2023,900
431,108,08/22/2019,200,791.25,04/17/2019,,1,10,76,61,04/17/2019,716,3,-820.52,08/20/2019,9,10,108,108,08/22/2019,08/20/2019,791.25
432,108,08/22/2019,419,12.49,07/22/2019,,2,10,102,102,07/22/2019,716,3,-820.52,08/20/2019,9,10,108,108,08/22/2019,08/20/2019,12.49
433,61,04/21/2020,219,1950,02/13/2020,,1,14,58,102,03/06/2020,717,3,-2600,03/24/2020,9,14,61,61,04/21/2020,03/24/2020,1950
434,108,07/31/2020,224,650,06/30/2020,,1,14,58,61,07/22/2020,859,3,-650,07/30/2020,9,14,108,108,07/31/2020,07/30/2020,650
435,61,12/08/2023,289,1200,12/06/2023,,1,14,61,61,12/07/2023,881,3,-1200,12/06/2023,11,14,61,61,12/08/2023,12/06/2023,1200
436,102,12/19/2017,377,13.72,10/24/2017,,2,3,102,102,10/24/2017,712,3,-879.94,12/18/2017,9,3,102,102,12/19/2017,12/18/2017,13.72
437,61,08/09/2023,283,1200,08/07/2023,,1,14,61,61,08/09/2023,878,3,-1200,08/07/2023,11,14,61,61,08/09/2023,08/07/2023,1200
438,61,10/11/2023,330,160,10/05/2023,,1,25,61,61,10/11/2023,888,3,-160,10/05/2023,11,25,61,61,10/11/2023,10/05/2023,160
439,61,09/30/2020,226,650,08/31/2020,,1,14,61,61,09/09/2020,861,3,-650,09/29/2020,9,14,61,61,09/30/2020,09/29/2020,650
440,108,12/21/2018,383,14.23,10/22/2018,,2,3,102,102,10/22/2018,713,3,-902,12/20/2018,9,3,108,108,12/21/2018,12/20/2018,14.23
441,108,12/21/2018,384,11.57,11/17/2018,,2,3,102,102,11/19/2018,713,3,-902,12/20/2018,9,3,108,108,12/21/2018,12/20/2018,11.57
442,61,01/11/2023,264,900,01/06/2023,,1,14,61,61,01/09/2023,871,3,-900,01/06/2023,11,14,61,61,01/09/2023,01/06/2023,900
443,47,12/12/2013,4,144,11/30/2013,,1,1,61,61,12/05/2013,848,3,-144,12/11/2013,9,1,47,47,12/12/2013,12/11/2013,144
444,102,12/19/2017,376,12.51,09/20/2017,,2,3,102,102,09/20/2017,712,3,-879.94,12/18/2017,9,3,102,102,12/19/2017,12/18/2017,12.51
445,102,12/22/2016,411,0.88,06/20/2016,,2,10,61,61,06/20/2016,714,3,-138.93,12/21/2016,9,10,102,102,12/22/2016,12/21/2016,0.88
446,61,01/10/2024,333,160,01/05/2024,,1,25,61,61,01/09/2024,891,3,-160,01/05/2024,11,25,61,61,01/08/2024,01/05/2024,160
447,102,02/08/2017,365,0.87,06/20/2016,,2,3,61,61,06/20/2016,711,3,-977.85,02/07/2017,9,3,102,102,02/08/2017,02/07/2017,0.87
448,47,07/23/2013,1,441.5,06/30/2013,,1,1,61,61,07/15/2013,845,3,-441.5,07/22/2013,9,1,47,47,07/23/2013,07/22/2013,441.5
449,61,09/08/2022,562,900,09/06/2022,,1,14,61,61,09/08/2022,725,3,-400,08/05/2022,11,14,61,61,08/08/2022,09/06/2022,150
450,61,09/09/2022,562,900,09/06/2022,,1,14,61,61,09/08/2022,868,3,-750,09/06/2022,11,14,61,61,09/09/2022,09/06/2022,750
451,61,04/12/2023,273,900,04/06/2023,,1,14,61,61,04/11/2023,874,3,-900,04/06/2023,11,14,61,61,04/11/2023,04/06/2023,900
452,61,03/08/2024,292,1200,03/06/2024,,1,14,61,61,03/08/2024,884,3,-1200,03/06/2024,11,14,61,61,03/07/2024,03/06/2024,1200
453,61,08/10/2023,327,160,08/07/2023,,1,25,61,61,08/09/2023,886,3,-160,08/07/2023,11,25,61,61,08/09/2023,08/07/2023,160
454,61,12/08/2023,332,160,12/06/2023,,1,25,61,61,12/07/2023,890,3,-160,12/06/2023,11,25,61,61,12/08/2023,12/06/2023,160
455,102,07/20/2018,354,2.87,05/20/2018,,2,2,102,102,05/21/2018,705,1,-15.6,07/19/2018,7,2,102,102,07/20/2018,07/19/2018,2.87
456,61,03/25/2022,322,565,01/12/2022,,1,25,73,61,01/20/2022,720,6,-695,03/23/2022,9,25,61,61,03/25/2022,03/23/2022,565
457,61,12/20/2018,548,902,04/30/2018,,1,3,102,102,05/04/2018,754,1,-81.9,12/20/2018,7,3,61,61,12/20/2018,12/20/2018,81.9
458,61,06/10/2022,424,27.97,05/12/2022,,2,23,61,61,05/12/2022,763,1,-27.97,06/10/2022,7,23,61,61,06/10/2022,06/10/2022,27.97
459,61,04/02/2015,394,39.34,12/22/2014,,2,6,61,61,12/22/2014,706,1,-273.91,04/02/2015,7,6,61,61,04/02/2015,04/02/2015,39.34
460,102,03/21/2019,401,10.79,01/20/2019,,2,6,102,102,01/21/2019,759,1,-10.79,03/21/2019,7,6,102,102,03/21/2019,03/21/2019,10.79
461,61,12/16/2022,670,125,10/01/2022,,1,25,61,61,10/05/2022,721,6,-375,12/15/2022,9,25,61,61,12/16/2022,12/15/2022,125
462,61,03/25/2022,323,130,02/01/2022,,1,25,61,61,02/03/2022,720,6,-695,03/23/2022,9,25,61,61,03/25/2022,03/23/2022,130
463,61,04/02/2015,393,47.28,11/20/2014,,2,6,61,61,11/20/2014,706,1,-273.91,04/02/2015,7,6,61,61,04/02/2015,04/02/2015,47.28
464,61,03/14/2023,55,175,12/07/2022,,1,1,61,61,12/07/2022,765,12,-175,03/14/2023,9,1,61,61,03/14/2023,03/14/2023,175
465,61,05/19/2023,421,6.51,05/10/2023,,2,12,61,61,05/11/2023,762,1,-6.51,05/19/2023,7,12,61,61,05/19/2023,05/19/2023,6.51
466,61,03/11/2022,324,300,03/03/2022,,1,25,61,61,03/09/2022,790,6,-300,03/10/2022,9,25,61,61,03/11/2022,03/10/2022,300
467,61,04/02/2015,392,48.71,10/20/2014,,2,6,61,61,10/20/2014,706,1,-273.91,04/02/2015,7,6,61,61,04/02/2015,04/02/2015,48.71
468,61,11/13/2014,547,476,10/31/2014,,1,1,61,61,11/07/2014,753,1,-361,11/13/2014,7,1,61,61,11/13/2014,11/13/2014,361
469,61,09/15/2021,407,18.35,09/10/2021,,2,7,61,61,09/10/2021,708,1,-71.61,09/15/2021,7,7,61,61,09/15/2021,09/15/2021,18.35
470,61,06/06/2014,546,2602.75,05/31/2014,,1,1,47,61,06/06/2014,731,1,-87,04/14/2014,5,1,61,61,04/15/2014,05/31/2014,87
471,61,04/22/2022,300,1705,03/24/2022,,1,16,61,61,03/24/2022,831,6,-1705,04/22/2022,11,16,61,61,04/22/2022,04/22/2022,1705
472,61,04/02/2015,396,38.11,02/20/2015,,2,6,61,61,02/20/2015,706,1,-273.91,04/02/2015,7,6,61,61,04/02/2015,04/02/2015,38.11
473,61,09/15/2021,405,20.12,06/15/2021,,2,7,102,102,06/15/2021,708,1,-71.61,09/15/2021,7,7,61,61,09/15/2021,09/15/2021,20.12
474,61,03/13/2024,643,40,03/08/2024,,1,11,61,61,03/08/2024,769,12,-40,03/13/2024,9,11,61,61,03/13/2024,03/13/2024,40
475,61,08/20/2015,404,29.13,07/25/2015,,2,7,61,61,07/27/2015,707,1,-32.46,08/20/2015,7,7,61,61,08/20/2015,08/20/2015,29.13
476,61,09/13/2022,429,12.82,08/10/2022,,2,17,61,61,08/10/2022,709,1,-32.69,09/13/2022,7,17,61,61,09/13/2022,09/13/2022,12.82
477,61,04/27/2023,668,745,04/26/2023,,1,22,61,61,04/26/2023,746,1,-745,04/27/2023,5,22,61,61,04/27/2023,04/27/2023,745
478,61,07/27/2021,388,25.15,06/15/2021,,2,5,102,102,06/15/2021,733,1,-25.15,07/27/2021,5,5,61,61,07/27/2021,07/27/2021,25.15
479,61,07/28/2021,319,600,02/09/2021,,1,22,61,61,02/15/2021,838,6,-600,07/27/2021,11,22,61,61,07/28/2021,07/27/2021,600
480,61,08/17/2021,386,22.44,08/10/2021,,2,3,61,61,08/10/2021,755,1,-22.44,08/17/2021,7,3,61,61,08/17/2021,08/17/2021,22.44
481,61,07/21/2023,425,61.52,07/10/2023,,2,23,61,61,07/10/2023,764,1,-61.52,07/21/2023,7,23,61,61,07/21/2023,07/21/2023,61.52
482,61,04/22/2022,321,675,03/21/2022,,1,22,61,61,03/25/2022,839,6,-675,04/22/2022,11,22,61,61,04/22/2022,04/22/2022,675
483,61,12/16/2022,669,250,07/07/2022,,1,25,61,61,07/07/2022,721,6,-375,12/15/2022,9,25,61,61,12/16/2022,12/15/2022,250
484,61,01/09/2023,671,750,01/03/2023,,1,25,61,61,01/04/2023,730,6,-875,01/06/2023,11,25,61,61,01/09/2023,01/06/2023,750
485,61,09/13/2022,428,5.77,07/11/2022,,2,17,61,61,07/11/2022,709,1,-32.69,09/13/2022,7,17,61,61,09/13/2022,09/13/2022,5.77
486,61,03/14/2023,574,187.5,10/04/2022,,1,4,61,61,10/11/2022,767,12,-0.5,03/14/2023,9,4,61,61,03/14/2023,03/14/2023,0.5
487,61,03/14/2023,622,70,11/03/2022,,1,4,61,61,11/04/2022,766,12,-70,03/14/2023,9,4,61,61,03/14/2023,03/14/2023,70
488,61,03/14/2023,137,105,12/07/2022,,1,4,61,61,12/07/2022,768,12,-105,03/14/2023,9,4,61,61,03/14/2023,03/14/2023,105
489,61,05/03/2023,673,350,02/28/2023,,1,25,61,61,02/28/2023,842,12,-350,05/03/2023,11,25,61,61,05/03/2023,05/03/2023,350
490,61,05/16/2023,664,500,04/26/2023,,1,16,61,61,04/26/2023,833,12,-500,05/16/2023,11,16,61,61,05/16/2023,05/16/2023,500
491,61,07/28/2021,427,33.9,06/15/2021,,2,17,102,102,06/15/2021,745,1,-33.9,07/28/2021,5,17,61,61,07/28/2021,07/28/2021,33.9
492,61,07/12/2023,431,1.64,06/09/2023,,2,22,61,61,06/09/2023,710,1,-11.83,07/11/2023,7,22,61,61,07/11/2023,07/11/2023,1.64
493,61,06/09/2021,550,985,02/20/2021,,1,4,61,61,02/25/2021,732,1,-575,06/09/2021,5,4,61,61,06/09/2021,06/09/2021,575
494,61,01/17/2023,616,235,12/29/2022,,1,2,84,61,01/11/2023,793,12,-235,01/17/2023,11,2,61,61,01/17/2023,01/17/2023,235
495,102,07/20/2018,355,12.73,06/20/2018,,2,2,102,102,06/21/2018,705,1,-15.6,07/19/2018,7,2,102,102,07/20/2018,07/19/2018,12.73
496,61,05/03/2023,674,193.95,03/09/2023,,1,25,61,61,03/09/2023,843,12,-193.95,05/03/2023,11,25,61,61,05/03/2023,05/03/2023,193.95
497,61,05/03/2023,672,160,02/14/2023,,1,25,61,61,02/14/2023,844,12,-160,05/03/2023,11,25,61,61,05/03/2023,05/03/2023,160
498,61,07/12/2023,432,10.19,07/10/2023,,2,22,61,61,07/10/2023,710,1,-11.83,07/11/2023,7,22,61,61,07/11/2023,07/11/2023,10.19
499,102,09/20/2017,399,9.3,08/20/2017,,2,6,102,102,08/24/2017,758,1,-9.3,09/19/2017,7,6,102,102,09/20/2017,09/19/2017,9.3
500,61,09/15/2021,406,33.14,08/10/2021,,2,7,61,61,08/10/2021,708,1,-71.61,09/15/2021,7,7,61,61,09/15/2021,09/15/2021,33.14
501,102,06/24/2020,402,8.6,03/20/2020,,2,6,102,102,03/20/2020,760,1,-8.6,06/24/2020,7,6,102,102,06/24/2020,06/24/2020,8.6
502,61,04/24/2023,336,250,04/17/2023,,1,27,61,61,04/17/2023,791,12,-250,04/19/2023,9,27,61,61,04/20/2023,04/19/2023,250
503,61,07/27/2015,398,7.23,06/20/2015,,2,6,61,61,06/19/2015,757,1,-7.23,07/27/2015,7,6,61,61,07/27/2015,07/27/2015,7.23
504,61,01/12/2024,675,160,04/06/2023,,1,25,61,61,04/06/2023,748,1,-160,01/12/2024,5,25,61,61,01/12/2024,01/12/2024,160
505,61,01/12/2024,677,160,07/13/2023,,1,25,61,61,07/13/2023,749,1,-160,01/12/2024,5,25,61,61,01/12/2024,01/12/2024,160
506,61,01/12/2024,329,160,10/05/2023,,1,25,61,61,10/05/2023,750,1,-160,01/12/2024,5,25,61,61,01/12/2024,01/12/2024,160
507,61,12/26/2023,568,7400,04/20/2023,,1,23,61,61,04/20/2023,742,1,-4300,12/26/2023,5,23,61,61,12/26/2023,12/26/2023,4300
508,61,04/02/2015,395,35.65,01/20/2015,,2,6,61,61,01/21/2015,706,1,-273.91,04/02/2015,7,6,61,61,04/02/2015,04/02/2015,35.65
509,61,07/28/2021,299,1550,02/20/2021,,1,16,61,61,02/25/2021,830,6,-1550,07/27/2021,11,16,61,61,07/28/2021,07/27/2021,1550
510,61,08/12/2021,302,1250,02/20/2021,,1,17,61,61,02/25/2021,834,6,-1250,07/27/2021,11,17,61,61,07/28/2021,07/27/2021,1250
511,61,09/15/2021,570,30.18,06/15/2021,,2,6,102,102,06/15/2021,761,1,-30.08,09/15/2021,7,6,61,61,09/15/2021,09/15/2021,30.08
512,61,08/20/2015,403,3.33,06/20/2015,,2,7,61,61,06/19/2015,707,1,-32.46,08/20/2015,7,7,61,61,08/20/2015,08/20/2015,3.33
513,61,04/02/2015,397,34.42,03/20/2015,,2,6,61,61,03/20/2015,706,1,-273.91,04/02/2015,7,6,61,61,04/02/2015,04/02/2015,34.42
514,61,07/11/2023,667,1000,04/05/2023,,1,22,61,61,04/05/2023,840,12,-1000,07/11/2023,11,22,61,61,07/11/2023,07/11/2023,1000
515,61,07/27/2015,387,2.32,06/20/2015,,2,5,61,61,06/19/2015,756,1,-2.32,07/27/2015,7,5,61,61,07/27/2015,07/27/2015,2.32
516,61,09/13/2022,303,1300,05/03/2022,,1,17,73,61,05/03/2022,836,6,-1300,09/13/2022,11,17,61,61,09/13/2022,09/13/2022,1300
517,61,03/28/2023,304,1495,02/27/2023,,1,17,61,61,02/27/2023,837,12,-1495,03/28/2023,11,17,61,61,03/28/2023,03/28/2023,1495
518,61,04/25/2023,663,1875,04/05/2023,,1,16,61,61,04/05/2023,744,14,-1875,04/25/2023,5,16,61,61,04/25/2023,04/25/2023,1875
519,61,05/16/2023,662,1875,04/05/2023,,1,16,61,61,04/05/2023,832,12,-1875,05/16/2023,11,16,61,61,05/16/2023,05/16/2023,1875
520,61,01/12/2024,678,160,01/04/2024,,1,25,61,61,01/04/2024,751,1,-160,01/12/2024,5,25,61,61,01/12/2024,01/12/2024,160
521,61,01/19/2021,318,350,10/31/2020,,1,22,73,61,11/10/2020,789,7,-350,01/11/2021,9,22,61,61,01/18/2021,01/11/2021,350
522,61,04/02/2015,569,54.16,09/20/2014,,2,6,61,61,09/23/2014,706,1,-273.91,04/02/2015,7,6,61,61,04/02/2015,04/02/2015,30.4
523,61,09/13/2022,430,14.1,09/12/2022,,2,17,61,61,09/12/2022,709,1,-32.69,09/13/2022,7,17,61,61,09/13/2022,09/13/2022,14.1
524,61,05/03/2023,676,160,04/12/2023,,1,25,61,61,04/12/2023,841,12,-160,05/03/2023,11,25,61,61,05/03/2023,05/03/2023,160
525,61,06/29/2023,617,1100,05/25/2023,,1,2,61,61,05/25/2023,794,12,-1100,06/29/2023,11,2,61,61,06/29/2023,06/29/2023,1100
526,61,07/28/2021,426,42.04,06/15/2021,,2,16,102,102,06/15/2021,743,1,-42.04,07/28/2021,5,16,61,61,07/28/2021,07/28/2021,42.04
527,61,01/12/2024,325,125,01/04/2023,,1,25,61,61,01/04/2023,747,1,-125,01/12/2024,5,25,61,61,01/12/2024,01/12/2024,125
528,61,06/07/2023,681,250,04/24/2023,12,3,27,61,61,04/24/2023,752,14,-250,06/07/2023,5,27,61,61,06/07/2023,06/07/2023,250
529,61,12/27/2021,679,150,12/27/2021,1,3,2,61,61,12/27/2021,792,6,-150,11/12/2021,11,2,61,61,11/15/2021,12/27/2021,150
530,61,08/25/2021,680,1250,08/25/2021,1,3,17,61,61,08/25/2021,835,6,-1250,07/29/2021,11,17,61,61,07/30/2021,08/25/2021,1250
531,61,10/25/2022,594,9000,10/28/2022,3,3,14,61,61,10/25/2022,785,7,-4500,05/19/2022,9,14,61,61,05/20/2022,10/28/2022,4500
532,61,10/25/2022,594,9000,10/28/2022,3,3,14,61,61,10/25/2022,787,7,-4500,06/20/2022,9,14,61,61,06/22/2022,10/28/2022,4500
533,61,02/18/2022,243,650,02/01/2022,,1,14,73,61,02/03/2022,781,7,-650,02/17/2022,9,14,61,61,02/18/2022,02/17/2022,650
534,61,01/17/2023,265,220.8,01/13/2023,,1,14,61,61,01/17/2023,811,8,-220.8,01/13/2023,11,14,61,61,01/17/2023,01/13/2023,220.8
535,61,12/07/2022,262,176,12/02/2022,,1,14,61,61,12/07/2022,808,8,-176,12/02/2022,11,14,61,61,12/07/2022,12/02/2022,176
536,61,07/20/2022,249,163.2,07/01/2022,,1,14,61,61,07/20/2022,795,8,-163.2,07/01/2022,11,14,61,61,07/20/2022,07/01/2022,163.2
537,61,08/08/2022,561,900,08/05/2022,,1,14,61,61,08/08/2022,786,7,-650,06/09/2022,9,14,61,61,07/05/2022,08/05/2022,650
538,61,01/03/2023,650,292,12/30/2022,,1,14,61,61,01/03/2023,810,8,-292,12/30/2022,11,14,61,61,01/03/2023,12/30/2022,292
539,61,11/15/2021,240,650,11/01/2021,,1,14,61,61,11/03/2021,778,7,-650,11/12/2021,9,14,61,61,11/15/2021,11/12/2021,650
540,61,07/06/2023,653,293.2,06/30/2023,,1,14,61,61,07/05/2023,824,8,-293.2,06/30/2023,11,14,61,61,07/05/2023,06/30/2023,293.2
541,61,10/14/2021,239,650,10/01/2021,,1,14,58,61,10/13/2021,777,7,-650,10/13/2021,9,14,61,61,10/14/2021,10/13/2021,650
542,61,04/21/2021,232,650,03/31/2021,,1,14,61,61,04/09/2021,773,7,-650,04/20/2021,9,14,61,61,04/21/2021,04/20/2021,650
543,61,11/15/2022,260,28,11/07/2022,,1,14,61,61,11/15/2022,806,8,-28,11/07/2022,11,14,61,61,11/15/2022,11/07/2022,28
544,61,08/16/2022,253,136,08/12/2022,,1,14,61,61,08/16/2022,798,8,-136,08/12/2022,11,14,61,61,08/16/2022,08/12/2022,136
545,61,05/04/2023,651,132,04/27/2023,,1,14,61,61,05/03/2023,819,8,-132,04/27/2023,11,14,61,61,05/03/2023,04/27/2023,132
546,61,04/12/2023,274,239.2,04/07/2023,,1,14,61,61,04/11/2023,817,8,-239.2,04/07/2023,11,14,61,61,04/11/2023,04/07/2023,239.2
547,61,03/28/2023,272,320.8,03/24/2023,,1,14,61,61,03/28/2023,816,8,-320.8,03/24/2023,11,14,61,61,03/28/2023,03/24/2023,320.8
548,61,04/28/2023,275,320.8,04/21/2023,,1,14,61,61,04/28/2023,818,8,-320.8,04/21/2023,11,14,61,61,04/28/2023,04/21/2023,320.8
549,61,03/01/2021,231,650,02/28/2021,,1,14,61,61,03/01/2021,718,7,-1175,02/23/2021,9,14,61,61,02/26/2021,02/28/2021,650
550,61,04/13/2022,245,650,04/01/2022,,1,14,73,61,04/11/2022,783,7,-650,04/12/2022,9,14,61,61,04/13/2022,04/12/2022,650
551,61,10/28/2022,649,276,10/21/2022,,1,14,61,61,10/28/2022,804,8,-276,10/21/2022,11,14,61,61,10/28/2022,10/21/2022,276
552,61,11/07/2022,259,176,11/04/2022,,1,14,61,61,11/07/2022,805,8,-176,11/04/2022,11,14,61,61,11/07/2022,11/04/2022,176
553,61,07/20/2022,251,163.2,07/15/2022,,1,14,61,61,07/20/2022,796,8,-163.2,07/15/2022,11,14,61,61,07/20/2022,07/15/2022,163.2
554,61,08/11/2021,237,650,08/01/2021,,1,14,58,61,08/06/2021,775,7,-650,08/10/2021,9,14,61,61,08/11/2021,08/10/2021,650
555,61,11/23/2022,261,276,11/18/2022,,1,14,61,61,11/23/2022,807,8,-276,11/18/2022,11,14,61,61,11/23/2022,11/18/2022,276
556,61,03/01/2023,269,320.8,02/24/2023,,1,14,61,61,03/01/2023,814,8,-320.8,02/24/2023,11,14,61,61,03/01/2023,02/24/2023,320.8
557,61,06/22/2022,248,650,06/01/2022,,1,14,73,61,06/06/2022,788,7,-650,06/20/2022,9,14,61,61,06/22/2022,06/20/2022,650
558,61,06/06/2023,278,193.2,06/02/2023,,1,14,61,61,06/05/2023,822,8,-193.2,06/02/2023,11,14,61,61,06/05/2023,06/02/2023,193.2
559,61,05/28/2021,233,650,04/20/2021,,1,14,61,61,04/25/2021,774,7,-650,05/27/2021,9,14,61,61,05/28/2021,05/27/2021,650
560,61,09/14/2022,256,136,09/09/2022,,1,14,61,61,09/14/2022,801,8,-136,09/09/2022,11,14,61,61,09/14/2022,09/09/2022,136
561,61,08/03/2022,252,263.2,07/28/2022,,1,14,61,61,08/05/2022,797,8,-263.2,07/29/2022,11,14,61,61,08/03/2022,07/29/2022,263.2
562,61,03/15/2022,244,650,03/01/2022,,1,14,73,61,03/01/2022,782,7,-650,03/14/2022,9,14,61,61,03/15/2022,03/14/2022,650
563,61,10/20/2022,258,192,10/07/2022,,1,14,61,61,10/20/2022,803,8,-192,10/07/2022,11,14,61,61,10/20/2022,10/07/2022,192
564,61,02/15/2023,268,220.8,02/10/2023,,1,14,61,61,02/15/2023,813,8,-220.8,02/10/2023,11,14,61,61,02/15/2023,02/10/2023,220.8
565,61,08/31/2022,255,236,08/26/2022,,1,14,61,61,08/31/2022,800,8,-236,08/26/2022,11,14,61,61,08/31/2022,08/26/2022,236
566,61,03/14/2023,271,220.8,03/10/2023,,1,14,61,61,03/14/2023,815,8,-220.8,03/10/2023,11,14,61,61,03/14/2023,03/10/2023,220.8
567,61,05/11/2023,652,257.6,05/05/2023,,1,14,61,61,05/11/2023,820,8,-257.6,05/05/2023,11,14,61,61,05/11/2023,05/05/2023,257.6
568,61,07/28/2021,236,650,07/01/2021,,1,14,58,61,07/12/2021,719,7,-1950,07/19/2021,9,14,61,61,07/28/2021,07/19/2021,650
569,61,10/05/2023,282,193.2,07/14/2023,,1,14,61,61,07/19/2023,737,1,-193.2,10/05/2023,5,14,61,61,10/05/2023,10/05/2023,193.2
570,61,10/05/2023,285,293.2,08/25/2023,,1,14,61,61,08/29/2023,740,1,-293.2,10/05/2023,5,14,61,61,10/05/2023,10/05/2023,293.2
571,61,10/05/2023,284,209.3,08/15/2023,,1,14,61,61,08/15/2023,739,1,-209.3,10/05/2023,5,14,61,61,10/05/2023,10/05/2023,209.3
572,61,10/05/2023,565,1200,10/05/2023,,1,14,61,61,10/05/2023,825,8,-193.2,07/14/2023,11,14,61,61,07/19/2023,10/05/2023,193.2
573,61,10/05/2023,565,1200,10/05/2023,,1,14,61,61,10/05/2023,826,8,-293.2,07/28/2023,11,14,61,61,08/01/2023,10/05/2023,293.2
574,61,10/05/2023,565,1200,10/05/2023,,1,14,61,61,10/05/2023,827,8,-209.3,08/11/2023,11,14,61,61,08/15/2023,10/05/2023,209.3
575,61,10/05/2023,565,1200,10/05/2023,,1,14,61,61,10/05/2023,828,8,-293.2,08/25/2023,11,14,61,61,08/29/2023,10/05/2023,293.2
576,61,10/05/2023,565,1200,10/05/2023,,1,14,61,61,10/05/2023,829,8,-193.2,09/08/2023,11,14,61,61,09/12/2023,10/05/2023,193.2
577,61,10/05/2023,565,1200,10/05/2023,,1,14,61,61,10/05/2023,728,8,-309.3,09/22/2023,11,14,61,61,09/26/2023,10/05/2023,17.9
578,61,01/25/2021,230,650,12/31/2020,,1,14,58,61,01/12/2021,771,7,-650,01/24/2021,9,14,61,61,01/25/2021,01/24/2021,650
579,61,05/12/2022,247,650,05/06/2022,,1,14,73,61,05/05/2022,784,7,-650,05/11/2022,9,14,61,61,05/12/2022,05/11/2022,650
580,61,09/09/2021,238,650,09/01/2021,,1,14,58,61,09/02/2021,776,7,-650,09/08/2021,9,14,61,61,09/09/2021,09/08/2021,650
581,61,10/05/2023,654,293.2,07/28/2023,,1,14,61,61,08/01/2023,738,1,-293.2,10/05/2023,5,14,61,61,10/05/2023,10/05/2023,293.2
582,61,10/05/2023,287,193.2,09/08/2023,,1,14,61,61,09/12/2023,741,1,-193.2,10/05/2023,5,14,61,61,10/05/2023,10/05/2023,193.2
583,61,11/08/2023,566,1200,11/08/2023,,1,14,61,61,11/10/2023,728,8,-309.3,09/22/2023,11,14,61,61,09/26/2023,11/08/2023,291.4
584,61,12/20/2021,241,650,12/08/2021,,1,14,61,61,12/13/2021,779,7,-650,12/17/2021,9,14,61,61,12/20/2021,12/17/2021,650
585,61,02/10/2022,647,650,01/11/2022,,1,14,61,61,01/14/2022,780,7,-650,02/09/2022,9,14,61,61,02/10/2022,02/09/2022,650
586,61,02/11/2022,242,1505,02/01/2022,,1,14,61,61,02/03/2022,734,1,-1505,02/11/2022,5,14,61,61,02/11/2022,02/11/2022,1505
587,61,08/23/2022,254,56,08/15/2022,,1,14,61,61,08/23/2022,799,8,-56,08/15/2022,11,14,61,61,08/23/2022,08/15/2022,56
588,61,12/23/2020,229,650,11/30/2020,,1,14,58,61,12/15/2020,770,7,-650,12/21/2020,9,14,61,61,12/22/2020,12/21/2020,650
589,61,10/05/2023,288,309.3,09/22/2023,,1,14,61,61,09/26/2023,736,1,-309.3,10/05/2023,5,14,61,61,10/05/2023,10/05/2023,309.3
590,61,01/31/2023,266,334.4,01/27/2023,,1,14,61,61,01/31/2023,812,8,-334.4,01/27/2023,11,14,61,61,01/31/2023,01/27/2023,334.4
591,61,06/20/2023,280,193.2,06/16/2023,,1,14,61,61,06/20/2023,823,8,-193.2,06/16/2023,11,14,61,61,06/20/2023,06/16/2023,193.2
592,61,07/28/2021,234,650,05/13/2021,,1,14,61,61,05/18/2021,719,7,-1950,07/19/2021,9,14,61,61,07/28/2021,07/19/2021,650
593,61,07/28/2021,235,650,06/01/2021,,1,14,61,61,06/11/2021,719,7,-1950,07/19/2021,9,14,61,61,07/28/2021,07/19/2021,650
594,61,03/01/2021,560,650,02/01/2021,,1,14,61,61,03/01/2021,718,7,-1175,02/23/2021,9,14,61,61,02/26/2021,02/23/2021,525
595,61,03/11/2021,560,650,02/01/2021,,1,14,61,61,03/01/2021,772,7,-125,03/10/2021,9,14,61,61,03/11/2021,03/10/2021,125
596,61,10/25/2022,246,9000,05/02/2022,,1,14,73,61,05/05/2022,735,1,-9000,10/25/2022,5,14,61,61,10/25/2022,10/25/2022,9000
597,61,12/22/2022,263,192,12/16/2022,,1,14,61,61,12/22/2022,809,8,-192,12/16/2022,11,14,61,61,12/22/2022,12/16/2022,192
598,61,09/27/2022,648,263.2,09/23/2022,,1,14,61,61,09/27/2022,802,8,-263.2,09/23/2022,11,14,61,61,09/27/2022,09/23/2022,263.2
599,61,05/23/2023,277,339.2,05/19/2023,,1,14,61,61,05/23/2023,821,8,-339.2,05/19/2023,11,14,61,61,05/23/2023,05/19/2023,339.2
